ISO-10303-21;
HEADER;
FILE_DESCRIPTION(('Open CASCADE Model'),'2;1');
FILE_NAME('Open CASCADE Shape Model','2026-09-24T14:19:14',('Author'),(
    'Open CASCADE'),'Open CASCADE STEP processor 7.9','Open CASCADE 7.9'
  ,'Unknown');
FILE_SCHEMA(('AUTOMOTIVE_DESIGN { 1 0 10303 214 1 1 1 1 }'));
ENDSEC;
DATA;
#1 = APPLICATION_PROTOCOL_DEFINITION('international standard',
  'automotive_design',2000,#2);
#2 = APPLICATION_CONTEXT(
  'core data for automotive mechanical design processes');
#3 = SHAPE_DEFINITION_REPRESENTATION(#4,#10);
#4 = PRODUCT_DEFINITION_SHAPE('','',#5);
#5 = PRODUCT_DEFINITION('design','',#6,#9);
#6 = PRODUCT_DEFINITION_FORMATION('','',#7);
#7 = PRODUCT('Open CASCADE STEP translator 7.9 1',
  'Open CASCADE STEP translator 7.9 1','',(#8));
#8 = PRODUCT_CONTEXT('',#2,'mechanical');
#9 = PRODUCT_DEFINITION_CONTEXT('part definition',#2,'design');
#10 = ADVANCED_BREP_SHAPE_REPRESENTATION('',(#11,#15),#1900);
#11 = AXIS2_PLACEMENT_3D('',#12,#13,#14);
#12 = CARTESIAN_POINT('',(0.,0.,0.));
#13 = DIRECTION('',(0.,0.,1.));
#14 = DIRECTION('',(1.,0.,-0.));
#15 = MANIFOLD_SOLID_BREP('',#16);
#16 = CLOSED_SHELL('',(#17,#135,#397,#446,#526,#553,#560,#615,#670,#725,
    #780,#1162,#1217,#1441,#1445,#1449,#1453,#1457,#1578,#1632,#1636,
    #1686,#1765,#1814,#1866,#1893));
#17 = ADVANCED_FACE('',(#18),#33,.T.);
#18 = FACE_BOUND('',#19,.F.);
#19 = EDGE_LOOP('',(#20,#56,#82,#111));
#20 = ORIENTED_EDGE('',*,*,#21,.F.);
#21 = EDGE_CURVE('',#22,#24,#26,.T.);
#22 = VERTEX_POINT('',#23);
#23 = CARTESIAN_POINT('',(14.966629547096,1.,0.));
#24 = VERTEX_POINT('',#25);
#25 = CARTESIAN_POINT('',(14.966629547096,-1.,0.));
#26 = SURFACE_CURVE('',#27,(#32,#44),.PCURVE_S1.);
#27 = CIRCLE('',#28,15.);
#28 = AXIS2_PLACEMENT_3D('',#29,#30,#31);
#29 = CARTESIAN_POINT('',(0.,0.,0.));
#30 = DIRECTION('',(0.,0.,1.));
#31 = DIRECTION('',(1.,0.,0.));
#32 = PCURVE('',#33,#38);
#33 = CYLINDRICAL_SURFACE('',#34,15.);
#34 = AXIS2_PLACEMENT_3D('',#35,#36,#37);
#35 = CARTESIAN_POINT('',(0.,0.,0.));
#36 = DIRECTION('',(-0.,-0.,-1.));
#37 = DIRECTION('',(1.,0.,0.));
#38 = DEFINITIONAL_REPRESENTATION('',(#39),#43);
#39 = LINE('',#40,#41);
#40 = CARTESIAN_POINT('',(-0.,0.));
#41 = VECTOR('',#42,1.);
#42 = DIRECTION('',(-1.,0.));
#43 = ( GEOMETRIC_REPRESENTATION_CONTEXT(2) 
PARAMETRIC_REPRESENTATION_CONTEXT() REPRESENTATION_CONTEXT('2D SPACE',''
  ) );
#44 = PCURVE('',#45,#50);
#45 = PLANE('',#46);
#46 = AXIS2_PLACEMENT_3D('',#47,#48,#49);
#47 = CARTESIAN_POINT('',(-7.29301404021E-16,1.169780044473E-16,0.));
#48 = DIRECTION('',(0.,0.,1.));
#49 = DIRECTION('',(1.,0.,-0.));
#50 = DEFINITIONAL_REPRESENTATION('',(#51),#55);
#51 = CIRCLE('',#52,15.);
#52 = AXIS2_PLACEMENT_2D('',#53,#54);
#53 = CARTESIAN_POINT('',(7.29301404021E-16,-1.169780044473E-16));
#54 = DIRECTION('',(1.,0.));
#55 = ( GEOMETRIC_REPRESENTATION_CONTEXT(2) 
PARAMETRIC_REPRESENTATION_CONTEXT() REPRESENTATION_CONTEXT('2D SPACE',''
  ) );
#56 = ORIENTED_EDGE('',*,*,#57,.F.);
#57 = EDGE_CURVE('',#58,#22,#60,.T.);
#58 = VERTEX_POINT('',#59);
#59 = CARTESIAN_POINT('',(14.966629547096,1.,6.));
#60 = SURFACE_CURVE('',#61,(#65,#71),.PCURVE_S1.);
#61 = LINE('',#62,#63);
#62 = CARTESIAN_POINT('',(14.966629547096,1.,0.));
#63 = VECTOR('',#64,1.);
#64 = DIRECTION('',(-0.,-0.,-1.));
#65 = PCURVE('',#33,#66);
#66 = DEFINITIONAL_REPRESENTATION('',(#67),#70);
#67 = B_SPLINE_CURVE_WITH_KNOTS('',1,(#68,#69),.UNSPECIFIED.,.F.,.F.,(2,
    2),(-6.0000006,6.E-07),.PIECEWISE_BEZIER_KNOTS.);
#68 = CARTESIAN_POINT('',(-6.671614841023E-02,-6.0000006));
#69 = CARTESIAN_POINT('',(-6.671614841023E-02,6.E-07));
#70 = ( GEOMETRIC_REPRESENTATION_CONTEXT(2) 
PARAMETRIC_REPRESENTATION_CONTEXT() REPRESENTATION_CONTEXT('2D SPACE',''
  ) );
#71 = PCURVE('',#72,#77);
#72 = PLANE('',#73);
#73 = AXIS2_PLACEMENT_3D('',#74,#75,#76);
#74 = CARTESIAN_POINT('',(16.,1.,0.));
#75 = DIRECTION('',(0.,-1.,0.));
#76 = DIRECTION('',(-1.,0.,0.));
#77 = DEFINITIONAL_REPRESENTATION('',(#78),#81);
#78 = B_SPLINE_CURVE_WITH_KNOTS('',1,(#79,#80),.UNSPECIFIED.,.F.,.F.,(2,
    2),(-6.0000006,6.E-07),.PIECEWISE_BEZIER_KNOTS.);
#79 = CARTESIAN_POINT('',(1.033370452904,-6.0000006));
#80 = CARTESIAN_POINT('',(1.033370452904,6.E-07));
#81 = ( GEOMETRIC_REPRESENTATION_CONTEXT(2) 
PARAMETRIC_REPRESENTATION_CONTEXT() REPRESENTATION_CONTEXT('2D SPACE',''
  ) );
#82 = ORIENTED_EDGE('',*,*,#83,.T.);
#83 = EDGE_CURVE('',#58,#84,#86,.T.);
#84 = VERTEX_POINT('',#85);
#85 = CARTESIAN_POINT('',(14.966629547096,-1.,6.));
#86 = SURFACE_CURVE('',#87,(#92,#99),.PCURVE_S1.);
#87 = CIRCLE('',#88,15.);
#88 = AXIS2_PLACEMENT_3D('',#89,#90,#91);
#89 = CARTESIAN_POINT('',(0.,0.,6.));
#90 = DIRECTION('',(0.,0.,1.));
#91 = DIRECTION('',(1.,0.,0.));
#92 = PCURVE('',#33,#93);
#93 = DEFINITIONAL_REPRESENTATION('',(#94),#98);
#94 = LINE('',#95,#96);
#95 = CARTESIAN_POINT('',(-0.,-6.));
#96 = VECTOR('',#97,1.);
#97 = DIRECTION('',(-1.,0.));
#98 = ( GEOMETRIC_REPRESENTATION_CONTEXT(2) 
PARAMETRIC_REPRESENTATION_CONTEXT() REPRESENTATION_CONTEXT('2D SPACE',''
  ) );
#99 = PCURVE('',#100,#105);
#100 = PLANE('',#101);
#101 = AXIS2_PLACEMENT_3D('',#102,#103,#104);
#102 = CARTESIAN_POINT('',(-7.29301404021E-16,1.169780044473E-16,6.));
#103 = DIRECTION('',(0.,0.,1.));
#104 = DIRECTION('',(1.,0.,-0.));
#105 = DEFINITIONAL_REPRESENTATION('',(#106),#110);
#106 = CIRCLE('',#107,15.);
#107 = AXIS2_PLACEMENT_2D('',#108,#109);
#108 = CARTESIAN_POINT('',(7.29301404021E-16,-1.169780044473E-16));
#109 = DIRECTION('',(1.,0.));
#110 = ( GEOMETRIC_REPRESENTATION_CONTEXT(2) 
PARAMETRIC_REPRESENTATION_CONTEXT() REPRESENTATION_CONTEXT('2D SPACE',''
  ) );
#111 = ORIENTED_EDGE('',*,*,#112,.T.);
#112 = EDGE_CURVE('',#84,#24,#113,.T.);
#113 = SURFACE_CURVE('',#114,(#118,#124),.PCURVE_S1.);
#114 = LINE('',#115,#116);
#115 = CARTESIAN_POINT('',(14.966629547096,-1.,0.));
#116 = VECTOR('',#117,1.);
#117 = DIRECTION('',(-0.,-0.,-1.));
#118 = PCURVE('',#33,#119);
#119 = DEFINITIONAL_REPRESENTATION('',(#120),#123);
#120 = B_SPLINE_CURVE_WITH_KNOTS('',1,(#121,#122),.UNSPECIFIED.,.F.,.F.,
  (2,2),(-6.0000006,6.E-07),.PIECEWISE_BEZIER_KNOTS.);
#121 = CARTESIAN_POINT('',(-6.216469158769,-6.0000006));
#122 = CARTESIAN_POINT('',(-6.216469158769,6.E-07));
#123 = ( GEOMETRIC_REPRESENTATION_CONTEXT(2) 
PARAMETRIC_REPRESENTATION_CONTEXT() REPRESENTATION_CONTEXT('2D SPACE',''
  ) );
#124 = PCURVE('',#125,#130);
#125 = PLANE('',#126);
#126 = AXIS2_PLACEMENT_3D('',#127,#128,#129);
#127 = CARTESIAN_POINT('',(14.,-1.,0.));
#128 = DIRECTION('',(0.,1.,0.));
#129 = DIRECTION('',(1.,0.,0.));
#130 = DEFINITIONAL_REPRESENTATION('',(#131),#134);
#131 = B_SPLINE_CURVE_WITH_KNOTS('',1,(#132,#133),.UNSPECIFIED.,.F.,.F.,
  (2,2),(-6.0000006,6.E-07),.PIECEWISE_BEZIER_KNOTS.);
#132 = CARTESIAN_POINT('',(0.966629547096,-6.0000006));
#133 = CARTESIAN_POINT('',(0.966629547096,6.E-07));
#134 = ( GEOMETRIC_REPRESENTATION_CONTEXT(2) 
PARAMETRIC_REPRESENTATION_CONTEXT() REPRESENTATION_CONTEXT('2D SPACE',''
  ) );
#135 = ADVANCED_FACE('',(#136,#211,#242,#273,#304,#335,#366),#45,.F.);
#136 = FACE_BOUND('',#137,.F.);
#137 = EDGE_LOOP('',(#138,#161,#162,#185));
#138 = ORIENTED_EDGE('',*,*,#139,.F.);
#139 = EDGE_CURVE('',#22,#140,#142,.T.);
#140 = VERTEX_POINT('',#141);
#141 = CARTESIAN_POINT('',(14.,1.,0.));
#142 = SURFACE_CURVE('',#143,(#147,#154),.PCURVE_S1.);
#143 = LINE('',#144,#145);
#144 = CARTESIAN_POINT('',(16.,1.,0.));
#145 = VECTOR('',#146,1.);
#146 = DIRECTION('',(-1.,0.,0.));
#147 = PCURVE('',#45,#148);
#148 = DEFINITIONAL_REPRESENTATION('',(#149),#153);
#149 = LINE('',#150,#151);
#150 = CARTESIAN_POINT('',(16.,1.));
#151 = VECTOR('',#152,1.);
#152 = DIRECTION('',(-1.,0.));
#153 = ( GEOMETRIC_REPRESENTATION_CONTEXT(2) 
PARAMETRIC_REPRESENTATION_CONTEXT() REPRESENTATION_CONTEXT('2D SPACE',''
  ) );
#154 = PCURVE('',#72,#155);
#155 = DEFINITIONAL_REPRESENTATION('',(#156),#160);
#156 = LINE('',#157,#158);
#157 = CARTESIAN_POINT('',(0.,-0.));
#158 = VECTOR('',#159,1.);
#159 = DIRECTION('',(1.,0.));
#160 = ( GEOMETRIC_REPRESENTATION_CONTEXT(2) 
PARAMETRIC_REPRESENTATION_CONTEXT() REPRESENTATION_CONTEXT('2D SPACE',''
  ) );
#161 = ORIENTED_EDGE('',*,*,#21,.T.);
#162 = ORIENTED_EDGE('',*,*,#163,.F.);
#163 = EDGE_CURVE('',#164,#24,#166,.T.);
#164 = VERTEX_POINT('',#165);
#165 = CARTESIAN_POINT('',(14.,-1.,0.));
#166 = SURFACE_CURVE('',#167,(#171,#178),.PCURVE_S1.);
#167 = LINE('',#168,#169);
#168 = CARTESIAN_POINT('',(14.,-1.,0.));
#169 = VECTOR('',#170,1.);
#170 = DIRECTION('',(1.,0.,0.));
#171 = PCURVE('',#45,#172);
#172 = DEFINITIONAL_REPRESENTATION('',(#173),#177);
#173 = LINE('',#174,#175);
#174 = CARTESIAN_POINT('',(14.,-1.));
#175 = VECTOR('',#176,1.);
#176 = DIRECTION('',(1.,0.));
#177 = ( GEOMETRIC_REPRESENTATION_CONTEXT(2) 
PARAMETRIC_REPRESENTATION_CONTEXT() REPRESENTATION_CONTEXT('2D SPACE',''
  ) );
#178 = PCURVE('',#125,#179);
#179 = DEFINITIONAL_REPRESENTATION('',(#180),#184);
#180 = LINE('',#181,#182);
#181 = CARTESIAN_POINT('',(0.,0.));
#182 = VECTOR('',#183,1.);
#183 = DIRECTION('',(1.,0.));
#184 = ( GEOMETRIC_REPRESENTATION_CONTEXT(2) 
PARAMETRIC_REPRESENTATION_CONTEXT() REPRESENTATION_CONTEXT('2D SPACE',''
  ) );
#185 = ORIENTED_EDGE('',*,*,#186,.F.);
#186 = EDGE_CURVE('',#140,#164,#187,.T.);
#187 = SURFACE_CURVE('',#188,(#192,#199),.PCURVE_S1.);
#188 = LINE('',#189,#190);
#189 = CARTESIAN_POINT('',(14.,1.,0.));
#190 = VECTOR('',#191,1.);
#191 = DIRECTION('',(0.,-1.,0.));
#192 = PCURVE('',#45,#193);
#193 = DEFINITIONAL_REPRESENTATION('',(#194),#198);
#194 = LINE('',#195,#196);
#195 = CARTESIAN_POINT('',(14.,1.));
#196 = VECTOR('',#197,1.);
#197 = DIRECTION('',(0.,-1.));
#198 = ( GEOMETRIC_REPRESENTATION_CONTEXT(2) 
PARAMETRIC_REPRESENTATION_CONTEXT() REPRESENTATION_CONTEXT('2D SPACE',''
  ) );
#199 = PCURVE('',#200,#205);
#200 = PLANE('',#201);
#201 = AXIS2_PLACEMENT_3D('',#202,#203,#204);
#202 = CARTESIAN_POINT('',(14.,1.,0.));
#203 = DIRECTION('',(1.,0.,0.));
#204 = DIRECTION('',(0.,-1.,0.));
#205 = DEFINITIONAL_REPRESENTATION('',(#206),#210);
#206 = LINE('',#207,#208);
#207 = CARTESIAN_POINT('',(0.,0.));
#208 = VECTOR('',#209,1.);
#209 = DIRECTION('',(1.,0.));
#210 = ( GEOMETRIC_REPRESENTATION_CONTEXT(2) 
PARAMETRIC_REPRESENTATION_CONTEXT() REPRESENTATION_CONTEXT('2D SPACE',''
  ) );
#211 = FACE_BOUND('',#212,.F.);
#212 = EDGE_LOOP('',(#213));
#213 = ORIENTED_EDGE('',*,*,#214,.F.);
#214 = EDGE_CURVE('',#215,#215,#217,.T.);
#215 = VERTEX_POINT('',#216);
#216 = CARTESIAN_POINT('',(-3.1,-9.093266739737,0.));
#217 = SURFACE_CURVE('',#218,(#223,#230),.PCURVE_S1.);
#218 = CIRCLE('',#219,2.15);
#219 = AXIS2_PLACEMENT_3D('',#220,#221,#222);
#220 = CARTESIAN_POINT('',(-5.25,-9.093266739737,0.));
#221 = DIRECTION('',(0.,0.,1.));
#222 = DIRECTION('',(1.,0.,0.));
#223 = PCURVE('',#45,#224);
#224 = DEFINITIONAL_REPRESENTATION('',(#225),#229);
#225 = CIRCLE('',#226,2.15);
#226 = AXIS2_PLACEMENT_2D('',#227,#228);
#227 = CARTESIAN_POINT('',(-5.25,-9.093266739737));
#228 = DIRECTION('',(1.,0.));
#229 = ( GEOMETRIC_REPRESENTATION_CONTEXT(2) 
PARAMETRIC_REPRESENTATION_CONTEXT() REPRESENTATION_CONTEXT('2D SPACE',''
  ) );
#230 = PCURVE('',#231,#236);
#231 = CYLINDRICAL_SURFACE('',#232,2.15);
#232 = AXIS2_PLACEMENT_3D('',#233,#234,#235);
#233 = CARTESIAN_POINT('',(-5.25,-9.093266739737,0.));
#234 = DIRECTION('',(-0.,-0.,-1.));
#235 = DIRECTION('',(1.,0.,0.));
#236 = DEFINITIONAL_REPRESENTATION('',(#237),#241);
#237 = LINE('',#238,#239);
#238 = CARTESIAN_POINT('',(-0.,0.));
#239 = VECTOR('',#240,1.);
#240 = DIRECTION('',(-1.,0.));
#241 = ( GEOMETRIC_REPRESENTATION_CONTEXT(2) 
PARAMETRIC_REPRESENTATION_CONTEXT() REPRESENTATION_CONTEXT('2D SPACE',''
  ) );
#242 = FACE_BOUND('',#243,.F.);
#243 = EDGE_LOOP('',(#244));
#244 = ORIENTED_EDGE('',*,*,#245,.F.);
#245 = EDGE_CURVE('',#246,#246,#248,.T.);
#246 = VERTEX_POINT('',#247);
#247 = CARTESIAN_POINT('',(7.4,-9.093266739737,0.));
#248 = SURFACE_CURVE('',#249,(#254,#261),.PCURVE_S1.);
#249 = CIRCLE('',#250,2.15);
#250 = AXIS2_PLACEMENT_3D('',#251,#252,#253);
#251 = CARTESIAN_POINT('',(5.25,-9.093266739737,0.));
#252 = DIRECTION('',(0.,0.,1.));
#253 = DIRECTION('',(1.,0.,0.));
#254 = PCURVE('',#45,#255);
#255 = DEFINITIONAL_REPRESENTATION('',(#256),#260);
#256 = CIRCLE('',#257,2.15);
#257 = AXIS2_PLACEMENT_2D('',#258,#259);
#258 = CARTESIAN_POINT('',(5.25,-9.093266739737));
#259 = DIRECTION('',(1.,0.));
#260 = ( GEOMETRIC_REPRESENTATION_CONTEXT(2) 
PARAMETRIC_REPRESENTATION_CONTEXT() REPRESENTATION_CONTEXT('2D SPACE',''
  ) );
#261 = PCURVE('',#262,#267);
#262 = CYLINDRICAL_SURFACE('',#263,2.15);
#263 = AXIS2_PLACEMENT_3D('',#264,#265,#266);
#264 = CARTESIAN_POINT('',(5.25,-9.093266739737,0.));
#265 = DIRECTION('',(-0.,-0.,-1.));
#266 = DIRECTION('',(1.,0.,0.));
#267 = DEFINITIONAL_REPRESENTATION('',(#268),#272);
#268 = LINE('',#269,#270);
#269 = CARTESIAN_POINT('',(-0.,0.));
#270 = VECTOR('',#271,1.);
#271 = DIRECTION('',(-1.,0.));
#272 = ( GEOMETRIC_REPRESENTATION_CONTEXT(2) 
PARAMETRIC_REPRESENTATION_CONTEXT() REPRESENTATION_CONTEXT('2D SPACE',''
  ) );
#273 = FACE_BOUND('',#274,.F.);
#274 = EDGE_LOOP('',(#275));
#275 = ORIENTED_EDGE('',*,*,#276,.F.);
#276 = EDGE_CURVE('',#277,#277,#279,.T.);
#277 = VERTEX_POINT('',#278);
#278 = CARTESIAN_POINT('',(-8.35,1.285879139105E-15,0.));
#279 = SURFACE_CURVE('',#280,(#285,#292),.PCURVE_S1.);
#280 = CIRCLE('',#281,2.15);
#281 = AXIS2_PLACEMENT_3D('',#282,#283,#284);
#282 = CARTESIAN_POINT('',(-10.5,1.285879139105E-15,0.));
#283 = DIRECTION('',(0.,0.,1.));
#284 = DIRECTION('',(1.,0.,0.));
#285 = PCURVE('',#45,#286);
#286 = DEFINITIONAL_REPRESENTATION('',(#287),#291);
#287 = CIRCLE('',#288,2.15);
#288 = AXIS2_PLACEMENT_2D('',#289,#290);
#289 = CARTESIAN_POINT('',(-10.5,1.168901134657E-15));
#290 = DIRECTION('',(1.,0.));
#291 = ( GEOMETRIC_REPRESENTATION_CONTEXT(2) 
PARAMETRIC_REPRESENTATION_CONTEXT() REPRESENTATION_CONTEXT('2D SPACE',''
  ) );
#292 = PCURVE('',#293,#298);
#293 = CYLINDRICAL_SURFACE('',#294,2.15);
#294 = AXIS2_PLACEMENT_3D('',#295,#296,#297);
#295 = CARTESIAN_POINT('',(-10.5,1.285879139105E-15,0.));
#296 = DIRECTION('',(-0.,-0.,-1.));
#297 = DIRECTION('',(1.,0.,0.));
#298 = DEFINITIONAL_REPRESENTATION('',(#299),#303);
#299 = LINE('',#300,#301);
#300 = CARTESIAN_POINT('',(-0.,0.));
#301 = VECTOR('',#302,1.);
#302 = DIRECTION('',(-1.,0.));
#303 = ( GEOMETRIC_REPRESENTATION_CONTEXT(2) 
PARAMETRIC_REPRESENTATION_CONTEXT() REPRESENTATION_CONTEXT('2D SPACE',''
  ) );
#304 = FACE_BOUND('',#305,.F.);
#305 = EDGE_LOOP('',(#306));
#306 = ORIENTED_EDGE('',*,*,#307,.F.);
#307 = EDGE_CURVE('',#308,#308,#310,.T.);
#308 = VERTEX_POINT('',#309);
#309 = CARTESIAN_POINT('',(-3.1,9.093266739737,0.));
#310 = SURFACE_CURVE('',#311,(#316,#323),.PCURVE_S1.);
#311 = CIRCLE('',#312,2.15);
#312 = AXIS2_PLACEMENT_3D('',#313,#314,#315);
#313 = CARTESIAN_POINT('',(-5.25,9.093266739737,0.));
#314 = DIRECTION('',(0.,0.,1.));
#315 = DIRECTION('',(1.,0.,0.));
#316 = PCURVE('',#45,#317);
#317 = DEFINITIONAL_REPRESENTATION('',(#318),#322);
#318 = CIRCLE('',#319,2.15);
#319 = AXIS2_PLACEMENT_2D('',#320,#321);
#320 = CARTESIAN_POINT('',(-5.25,9.093266739737));
#321 = DIRECTION('',(1.,0.));
#322 = ( GEOMETRIC_REPRESENTATION_CONTEXT(2) 
PARAMETRIC_REPRESENTATION_CONTEXT() REPRESENTATION_CONTEXT('2D SPACE',''
  ) );
#323 = PCURVE('',#324,#329);
#324 = CYLINDRICAL_SURFACE('',#325,2.15);
#325 = AXIS2_PLACEMENT_3D('',#326,#327,#328);
#326 = CARTESIAN_POINT('',(-5.25,9.093266739737,0.));
#327 = DIRECTION('',(-0.,-0.,-1.));
#328 = DIRECTION('',(1.,0.,0.));
#329 = DEFINITIONAL_REPRESENTATION('',(#330),#334);
#330 = LINE('',#331,#332);
#331 = CARTESIAN_POINT('',(-0.,0.));
#332 = VECTOR('',#333,1.);
#333 = DIRECTION('',(-1.,0.));
#334 = ( GEOMETRIC_REPRESENTATION_CONTEXT(2) 
PARAMETRIC_REPRESENTATION_CONTEXT() REPRESENTATION_CONTEXT('2D SPACE',''
  ) );
#335 = FACE_BOUND('',#336,.F.);
#336 = EDGE_LOOP('',(#337));
#337 = ORIENTED_EDGE('',*,*,#338,.F.);
#338 = EDGE_CURVE('',#339,#339,#341,.T.);
#339 = VERTEX_POINT('',#340);
#340 = CARTESIAN_POINT('',(2.65,0.,0.));
#341 = SURFACE_CURVE('',#342,(#347,#354),.PCURVE_S1.);
#342 = CIRCLE('',#343,2.65);
#343 = AXIS2_PLACEMENT_3D('',#344,#345,#346);
#344 = CARTESIAN_POINT('',(0.,0.,0.));
#345 = DIRECTION('',(0.,0.,1.));
#346 = DIRECTION('',(1.,0.,0.));
#347 = PCURVE('',#45,#348);
#348 = DEFINITIONAL_REPRESENTATION('',(#349),#353);
#349 = CIRCLE('',#350,2.65);
#350 = AXIS2_PLACEMENT_2D('',#351,#352);
#351 = CARTESIAN_POINT('',(7.29301404021E-16,-1.169780044473E-16));
#352 = DIRECTION('',(1.,0.));
#353 = ( GEOMETRIC_REPRESENTATION_CONTEXT(2) 
PARAMETRIC_REPRESENTATION_CONTEXT() REPRESENTATION_CONTEXT('2D SPACE',''
  ) );
#354 = PCURVE('',#355,#360);
#355 = CYLINDRICAL_SURFACE('',#356,2.65);
#356 = AXIS2_PLACEMENT_3D('',#357,#358,#359);
#357 = CARTESIAN_POINT('',(0.,0.,0.));
#358 = DIRECTION('',(-0.,-0.,-1.));
#359 = DIRECTION('',(1.,0.,0.));
#360 = DEFINITIONAL_REPRESENTATION('',(#361),#365);
#361 = LINE('',#362,#363);
#362 = CARTESIAN_POINT('',(-0.,0.));
#363 = VECTOR('',#364,1.);
#364 = DIRECTION('',(-1.,0.));
#365 = ( GEOMETRIC_REPRESENTATION_CONTEXT(2) 
PARAMETRIC_REPRESENTATION_CONTEXT() REPRESENTATION_CONTEXT('2D SPACE',''
  ) );
#366 = FACE_BOUND('',#367,.F.);
#367 = EDGE_LOOP('',(#368));
#368 = ORIENTED_EDGE('',*,*,#369,.F.);
#369 = EDGE_CURVE('',#370,#370,#372,.T.);
#370 = VERTEX_POINT('',#371);
#371 = CARTESIAN_POINT('',(7.4,9.093266739737,0.));
#372 = SURFACE_CURVE('',#373,(#378,#385),.PCURVE_S1.);
#373 = CIRCLE('',#374,2.15);
#374 = AXIS2_PLACEMENT_3D('',#375,#376,#377);
#375 = CARTESIAN_POINT('',(5.25,9.093266739737,0.));
#376 = DIRECTION('',(0.,0.,1.));
#377 = DIRECTION('',(1.,0.,0.));
#378 = PCURVE('',#45,#379);
#379 = DEFINITIONAL_REPRESENTATION('',(#380),#384);
#380 = CIRCLE('',#381,2.15);
#381 = AXIS2_PLACEMENT_2D('',#382,#383);
#382 = CARTESIAN_POINT('',(5.25,9.093266739737));
#383 = DIRECTION('',(1.,0.));
#384 = ( GEOMETRIC_REPRESENTATION_CONTEXT(2) 
PARAMETRIC_REPRESENTATION_CONTEXT() REPRESENTATION_CONTEXT('2D SPACE',''
  ) );
#385 = PCURVE('',#386,#391);
#386 = CYLINDRICAL_SURFACE('',#387,2.15);
#387 = AXIS2_PLACEMENT_3D('',#388,#389,#390);
#388 = CARTESIAN_POINT('',(5.25,9.093266739737,0.));
#389 = DIRECTION('',(-0.,-0.,-1.));
#390 = DIRECTION('',(1.,0.,0.));
#391 = DEFINITIONAL_REPRESENTATION('',(#392),#396);
#392 = LINE('',#393,#394);
#393 = CARTESIAN_POINT('',(-0.,0.));
#394 = VECTOR('',#395,1.);
#395 = DIRECTION('',(-1.,0.));
#396 = ( GEOMETRIC_REPRESENTATION_CONTEXT(2) 
PARAMETRIC_REPRESENTATION_CONTEXT() REPRESENTATION_CONTEXT('2D SPACE',''
  ) );
#397 = ADVANCED_FACE('',(#398),#125,.T.);
#398 = FACE_BOUND('',#399,.T.);
#399 = EDGE_LOOP('',(#400,#401,#424,#445));
#400 = ORIENTED_EDGE('',*,*,#163,.F.);
#401 = ORIENTED_EDGE('',*,*,#402,.T.);
#402 = EDGE_CURVE('',#164,#403,#405,.T.);
#403 = VERTEX_POINT('',#404);
#404 = CARTESIAN_POINT('',(14.,-1.,6.));
#405 = SURFACE_CURVE('',#406,(#410,#417),.PCURVE_S1.);
#406 = LINE('',#407,#408);
#407 = CARTESIAN_POINT('',(14.,-1.,0.));
#408 = VECTOR('',#409,1.);
#409 = DIRECTION('',(0.,0.,1.));
#410 = PCURVE('',#125,#411);
#411 = DEFINITIONAL_REPRESENTATION('',(#412),#416);
#412 = LINE('',#413,#414);
#413 = CARTESIAN_POINT('',(0.,0.));
#414 = VECTOR('',#415,1.);
#415 = DIRECTION('',(0.,-1.));
#416 = ( GEOMETRIC_REPRESENTATION_CONTEXT(2) 
PARAMETRIC_REPRESENTATION_CONTEXT() REPRESENTATION_CONTEXT('2D SPACE',''
  ) );
#417 = PCURVE('',#200,#418);
#418 = DEFINITIONAL_REPRESENTATION('',(#419),#423);
#419 = LINE('',#420,#421);
#420 = CARTESIAN_POINT('',(2.,0.));
#421 = VECTOR('',#422,1.);
#422 = DIRECTION('',(0.,-1.));
#423 = ( GEOMETRIC_REPRESENTATION_CONTEXT(2) 
PARAMETRIC_REPRESENTATION_CONTEXT() REPRESENTATION_CONTEXT('2D SPACE',''
  ) );
#424 = ORIENTED_EDGE('',*,*,#425,.T.);
#425 = EDGE_CURVE('',#403,#84,#426,.T.);
#426 = SURFACE_CURVE('',#427,(#431,#438),.PCURVE_S1.);
#427 = LINE('',#428,#429);
#428 = CARTESIAN_POINT('',(14.,-1.,6.));
#429 = VECTOR('',#430,1.);
#430 = DIRECTION('',(1.,0.,0.));
#431 = PCURVE('',#125,#432);
#432 = DEFINITIONAL_REPRESENTATION('',(#433),#437);
#433 = LINE('',#434,#435);
#434 = CARTESIAN_POINT('',(0.,-6.));
#435 = VECTOR('',#436,1.);
#436 = DIRECTION('',(1.,0.));
#437 = ( GEOMETRIC_REPRESENTATION_CONTEXT(2) 
PARAMETRIC_REPRESENTATION_CONTEXT() REPRESENTATION_CONTEXT('2D SPACE',''
  ) );
#438 = PCURVE('',#100,#439);
#439 = DEFINITIONAL_REPRESENTATION('',(#440),#444);
#440 = LINE('',#441,#442);
#441 = CARTESIAN_POINT('',(14.,-1.));
#442 = VECTOR('',#443,1.);
#443 = DIRECTION('',(1.,0.));
#444 = ( GEOMETRIC_REPRESENTATION_CONTEXT(2) 
PARAMETRIC_REPRESENTATION_CONTEXT() REPRESENTATION_CONTEXT('2D SPACE',''
  ) );
#445 = ORIENTED_EDGE('',*,*,#112,.T.);
#446 = ADVANCED_FACE('',(#447,#495),#100,.T.);
#447 = FACE_BOUND('',#448,.T.);
#448 = EDGE_LOOP('',(#449,#472,#473,#474));
#449 = ORIENTED_EDGE('',*,*,#450,.F.);
#450 = EDGE_CURVE('',#58,#451,#453,.T.);
#451 = VERTEX_POINT('',#452);
#452 = CARTESIAN_POINT('',(14.,1.,6.));
#453 = SURFACE_CURVE('',#454,(#458,#465),.PCURVE_S1.);
#454 = LINE('',#455,#456);
#455 = CARTESIAN_POINT('',(16.,1.,6.));
#456 = VECTOR('',#457,1.);
#457 = DIRECTION('',(-1.,0.,0.));
#458 = PCURVE('',#100,#459);
#459 = DEFINITIONAL_REPRESENTATION('',(#460),#464);
#460 = LINE('',#461,#462);
#461 = CARTESIAN_POINT('',(16.,1.));
#462 = VECTOR('',#463,1.);
#463 = DIRECTION('',(-1.,0.));
#464 = ( GEOMETRIC_REPRESENTATION_CONTEXT(2) 
PARAMETRIC_REPRESENTATION_CONTEXT() REPRESENTATION_CONTEXT('2D SPACE',''
  ) );
#465 = PCURVE('',#72,#466);
#466 = DEFINITIONAL_REPRESENTATION('',(#467),#471);
#467 = LINE('',#468,#469);
#468 = CARTESIAN_POINT('',(0.,-6.));
#469 = VECTOR('',#470,1.);
#470 = DIRECTION('',(1.,0.));
#471 = ( GEOMETRIC_REPRESENTATION_CONTEXT(2) 
PARAMETRIC_REPRESENTATION_CONTEXT() REPRESENTATION_CONTEXT('2D SPACE',''
  ) );
#472 = ORIENTED_EDGE('',*,*,#83,.T.);
#473 = ORIENTED_EDGE('',*,*,#425,.F.);
#474 = ORIENTED_EDGE('',*,*,#475,.F.);
#475 = EDGE_CURVE('',#451,#403,#476,.T.);
#476 = SURFACE_CURVE('',#477,(#481,#488),.PCURVE_S1.);
#477 = LINE('',#478,#479);
#478 = CARTESIAN_POINT('',(14.,1.,6.));
#479 = VECTOR('',#480,1.);
#480 = DIRECTION('',(0.,-1.,0.));
#481 = PCURVE('',#100,#482);
#482 = DEFINITIONAL_REPRESENTATION('',(#483),#487);
#483 = LINE('',#484,#485);
#484 = CARTESIAN_POINT('',(14.,1.));
#485 = VECTOR('',#486,1.);
#486 = DIRECTION('',(0.,-1.));
#487 = ( GEOMETRIC_REPRESENTATION_CONTEXT(2) 
PARAMETRIC_REPRESENTATION_CONTEXT() REPRESENTATION_CONTEXT('2D SPACE',''
  ) );
#488 = PCURVE('',#200,#489);
#489 = DEFINITIONAL_REPRESENTATION('',(#490),#494);
#490 = LINE('',#491,#492);
#491 = CARTESIAN_POINT('',(0.,-6.));
#492 = VECTOR('',#493,1.);
#493 = DIRECTION('',(1.,0.));
#494 = ( GEOMETRIC_REPRESENTATION_CONTEXT(2) 
PARAMETRIC_REPRESENTATION_CONTEXT() REPRESENTATION_CONTEXT('2D SPACE',''
  ) );
#495 = FACE_BOUND('',#496,.T.);
#496 = EDGE_LOOP('',(#497));
#497 = ORIENTED_EDGE('',*,*,#498,.F.);
#498 = EDGE_CURVE('',#499,#499,#501,.T.);
#499 = VERTEX_POINT('',#500);
#500 = CARTESIAN_POINT('',(8.,0.,6.));
#501 = SURFACE_CURVE('',#502,(#507,#514),.PCURVE_S1.);
#502 = CIRCLE('',#503,8.);
#503 = AXIS2_PLACEMENT_3D('',#504,#505,#506);
#504 = CARTESIAN_POINT('',(0.,0.,6.));
#505 = DIRECTION('',(0.,0.,1.));
#506 = DIRECTION('',(1.,0.,0.));
#507 = PCURVE('',#100,#508);
#508 = DEFINITIONAL_REPRESENTATION('',(#509),#513);
#509 = CIRCLE('',#510,8.);
#510 = AXIS2_PLACEMENT_2D('',#511,#512);
#511 = CARTESIAN_POINT('',(7.29301404021E-16,-1.169780044473E-16));
#512 = DIRECTION('',(1.,0.));
#513 = ( GEOMETRIC_REPRESENTATION_CONTEXT(2) 
PARAMETRIC_REPRESENTATION_CONTEXT() REPRESENTATION_CONTEXT('2D SPACE',''
  ) );
#514 = PCURVE('',#515,#520);
#515 = CYLINDRICAL_SURFACE('',#516,8.);
#516 = AXIS2_PLACEMENT_3D('',#517,#518,#519);
#517 = CARTESIAN_POINT('',(0.,0.,6.));
#518 = DIRECTION('',(-0.,-0.,-1.));
#519 = DIRECTION('',(1.,0.,0.));
#520 = DEFINITIONAL_REPRESENTATION('',(#521),#525);
#521 = LINE('',#522,#523);
#522 = CARTESIAN_POINT('',(-0.,0.));
#523 = VECTOR('',#524,1.);
#524 = DIRECTION('',(-1.,0.));
#525 = ( GEOMETRIC_REPRESENTATION_CONTEXT(2) 
PARAMETRIC_REPRESENTATION_CONTEXT() REPRESENTATION_CONTEXT('2D SPACE',''
  ) );
#526 = ADVANCED_FACE('',(#527),#72,.T.);
#527 = FACE_BOUND('',#528,.T.);
#528 = EDGE_LOOP('',(#529,#530,#531,#532));
#529 = ORIENTED_EDGE('',*,*,#139,.F.);
#530 = ORIENTED_EDGE('',*,*,#57,.F.);
#531 = ORIENTED_EDGE('',*,*,#450,.T.);
#532 = ORIENTED_EDGE('',*,*,#533,.F.);
#533 = EDGE_CURVE('',#140,#451,#534,.T.);
#534 = SURFACE_CURVE('',#535,(#539,#546),.PCURVE_S1.);
#535 = LINE('',#536,#537);
#536 = CARTESIAN_POINT('',(14.,1.,0.));
#537 = VECTOR('',#538,1.);
#538 = DIRECTION('',(0.,0.,1.));
#539 = PCURVE('',#72,#540);
#540 = DEFINITIONAL_REPRESENTATION('',(#541),#545);
#541 = LINE('',#542,#543);
#542 = CARTESIAN_POINT('',(2.,0.));
#543 = VECTOR('',#544,1.);
#544 = DIRECTION('',(0.,-1.));
#545 = ( GEOMETRIC_REPRESENTATION_CONTEXT(2) 
PARAMETRIC_REPRESENTATION_CONTEXT() REPRESENTATION_CONTEXT('2D SPACE',''
  ) );
#546 = PCURVE('',#200,#547);
#547 = DEFINITIONAL_REPRESENTATION('',(#548),#552);
#548 = LINE('',#549,#550);
#549 = CARTESIAN_POINT('',(0.,0.));
#550 = VECTOR('',#551,1.);
#551 = DIRECTION('',(0.,-1.));
#552 = ( GEOMETRIC_REPRESENTATION_CONTEXT(2) 
PARAMETRIC_REPRESENTATION_CONTEXT() REPRESENTATION_CONTEXT('2D SPACE',''
  ) );
#553 = ADVANCED_FACE('',(#554),#200,.T.);
#554 = FACE_BOUND('',#555,.T.);
#555 = EDGE_LOOP('',(#556,#557,#558,#559));
#556 = ORIENTED_EDGE('',*,*,#533,.T.);
#557 = ORIENTED_EDGE('',*,*,#475,.T.);
#558 = ORIENTED_EDGE('',*,*,#402,.F.);
#559 = ORIENTED_EDGE('',*,*,#186,.F.);
#560 = ADVANCED_FACE('',(#561),#231,.F.);
#561 = FACE_BOUND('',#562,.T.);
#562 = EDGE_LOOP('',(#563,#586,#613,#614));
#563 = ORIENTED_EDGE('',*,*,#564,.T.);
#564 = EDGE_CURVE('',#215,#565,#567,.T.);
#565 = VERTEX_POINT('',#566);
#566 = CARTESIAN_POINT('',(-3.1,-9.093266739737,2.2));
#567 = SEAM_CURVE('',#568,(#572,#579),.PCURVE_S1.);
#568 = LINE('',#569,#570);
#569 = CARTESIAN_POINT('',(-3.1,-9.093266739737,0.));
#570 = VECTOR('',#571,1.);
#571 = DIRECTION('',(0.,0.,1.));
#572 = PCURVE('',#231,#573);
#573 = DEFINITIONAL_REPRESENTATION('',(#574),#578);
#574 = LINE('',#575,#576);
#575 = CARTESIAN_POINT('',(-0.,0.));
#576 = VECTOR('',#577,1.);
#577 = DIRECTION('',(-0.,-1.));
#578 = ( GEOMETRIC_REPRESENTATION_CONTEXT(2) 
PARAMETRIC_REPRESENTATION_CONTEXT() REPRESENTATION_CONTEXT('2D SPACE',''
  ) );
#579 = PCURVE('',#231,#580);
#580 = DEFINITIONAL_REPRESENTATION('',(#581),#585);
#581 = LINE('',#582,#583);
#582 = CARTESIAN_POINT('',(-6.28318530718,0.));
#583 = VECTOR('',#584,1.);
#584 = DIRECTION('',(-0.,-1.));
#585 = ( GEOMETRIC_REPRESENTATION_CONTEXT(2) 
PARAMETRIC_REPRESENTATION_CONTEXT() REPRESENTATION_CONTEXT('2D SPACE',''
  ) );
#586 = ORIENTED_EDGE('',*,*,#587,.T.);
#587 = EDGE_CURVE('',#565,#565,#588,.T.);
#588 = SURFACE_CURVE('',#589,(#594,#601),.PCURVE_S1.);
#589 = CIRCLE('',#590,2.15);
#590 = AXIS2_PLACEMENT_3D('',#591,#592,#593);
#591 = CARTESIAN_POINT('',(-5.25,-9.093266739737,2.2));
#592 = DIRECTION('',(0.,0.,1.));
#593 = DIRECTION('',(1.,0.,0.));
#594 = PCURVE('',#231,#595);
#595 = DEFINITIONAL_REPRESENTATION('',(#596),#600);
#596 = LINE('',#597,#598);
#597 = CARTESIAN_POINT('',(-0.,-2.2));
#598 = VECTOR('',#599,1.);
#599 = DIRECTION('',(-1.,0.));
#600 = ( GEOMETRIC_REPRESENTATION_CONTEXT(2) 
PARAMETRIC_REPRESENTATION_CONTEXT() REPRESENTATION_CONTEXT('2D SPACE',''
  ) );
#601 = PCURVE('',#602,#607);
#602 = PLANE('',#603);
#603 = AXIS2_PLACEMENT_3D('',#604,#605,#606);
#604 = CARTESIAN_POINT('',(5.25,9.093266739737,2.2));
#605 = DIRECTION('',(0.,0.,1.));
#606 = DIRECTION('',(1.,0.,-0.));
#607 = DEFINITIONAL_REPRESENTATION('',(#608),#612);
#608 = CIRCLE('',#609,2.15);
#609 = AXIS2_PLACEMENT_2D('',#610,#611);
#610 = CARTESIAN_POINT('',(-10.5,-18.18653347947));
#611 = DIRECTION('',(1.,0.));
#612 = ( GEOMETRIC_REPRESENTATION_CONTEXT(2) 
PARAMETRIC_REPRESENTATION_CONTEXT() REPRESENTATION_CONTEXT('2D SPACE',''
  ) );
#613 = ORIENTED_EDGE('',*,*,#564,.F.);
#614 = ORIENTED_EDGE('',*,*,#214,.F.);
#615 = ADVANCED_FACE('',(#616),#262,.F.);
#616 = FACE_BOUND('',#617,.T.);
#617 = EDGE_LOOP('',(#618,#641,#668,#669));
#618 = ORIENTED_EDGE('',*,*,#619,.T.);
#619 = EDGE_CURVE('',#246,#620,#622,.T.);
#620 = VERTEX_POINT('',#621);
#621 = CARTESIAN_POINT('',(7.4,-9.093266739737,2.2));
#622 = SEAM_CURVE('',#623,(#627,#634),.PCURVE_S1.);
#623 = LINE('',#624,#625);
#624 = CARTESIAN_POINT('',(7.4,-9.093266739737,0.));
#625 = VECTOR('',#626,1.);
#626 = DIRECTION('',(0.,0.,1.));
#627 = PCURVE('',#262,#628);
#628 = DEFINITIONAL_REPRESENTATION('',(#629),#633);
#629 = LINE('',#630,#631);
#630 = CARTESIAN_POINT('',(-0.,0.));
#631 = VECTOR('',#632,1.);
#632 = DIRECTION('',(-0.,-1.));
#633 = ( GEOMETRIC_REPRESENTATION_CONTEXT(2) 
PARAMETRIC_REPRESENTATION_CONTEXT() REPRESENTATION_CONTEXT('2D SPACE',''
  ) );
#634 = PCURVE('',#262,#635);
#635 = DEFINITIONAL_REPRESENTATION('',(#636),#640);
#636 = LINE('',#637,#638);
#637 = CARTESIAN_POINT('',(-6.28318530718,0.));
#638 = VECTOR('',#639,1.);
#639 = DIRECTION('',(-0.,-1.));
#640 = ( GEOMETRIC_REPRESENTATION_CONTEXT(2) 
PARAMETRIC_REPRESENTATION_CONTEXT() REPRESENTATION_CONTEXT('2D SPACE',''
  ) );
#641 = ORIENTED_EDGE('',*,*,#642,.T.);
#642 = EDGE_CURVE('',#620,#620,#643,.T.);
#643 = SURFACE_CURVE('',#644,(#649,#656),.PCURVE_S1.);
#644 = CIRCLE('',#645,2.15);
#645 = AXIS2_PLACEMENT_3D('',#646,#647,#648);
#646 = CARTESIAN_POINT('',(5.25,-9.093266739737,2.2));
#647 = DIRECTION('',(0.,0.,1.));
#648 = DIRECTION('',(1.,0.,0.));
#649 = PCURVE('',#262,#650);
#650 = DEFINITIONAL_REPRESENTATION('',(#651),#655);
#651 = LINE('',#652,#653);
#652 = CARTESIAN_POINT('',(-0.,-2.2));
#653 = VECTOR('',#654,1.);
#654 = DIRECTION('',(-1.,0.));
#655 = ( GEOMETRIC_REPRESENTATION_CONTEXT(2) 
PARAMETRIC_REPRESENTATION_CONTEXT() REPRESENTATION_CONTEXT('2D SPACE',''
  ) );
#656 = PCURVE('',#657,#662);
#657 = PLANE('',#658);
#658 = AXIS2_PLACEMENT_3D('',#659,#660,#661);
#659 = CARTESIAN_POINT('',(5.25,9.093266739737,2.2));
#660 = DIRECTION('',(0.,0.,1.));
#661 = DIRECTION('',(1.,0.,-0.));
#662 = DEFINITIONAL_REPRESENTATION('',(#663),#667);
#663 = CIRCLE('',#664,2.15);
#664 = AXIS2_PLACEMENT_2D('',#665,#666);
#665 = CARTESIAN_POINT('',(0.,-18.18653347947));
#666 = DIRECTION('',(1.,0.));
#667 = ( GEOMETRIC_REPRESENTATION_CONTEXT(2) 
PARAMETRIC_REPRESENTATION_CONTEXT() REPRESENTATION_CONTEXT('2D SPACE',''
  ) );
#668 = ORIENTED_EDGE('',*,*,#619,.F.);
#669 = ORIENTED_EDGE('',*,*,#245,.F.);
#670 = ADVANCED_FACE('',(#671),#293,.F.);
#671 = FACE_BOUND('',#672,.T.);
#672 = EDGE_LOOP('',(#673,#696,#723,#724));
#673 = ORIENTED_EDGE('',*,*,#674,.T.);
#674 = EDGE_CURVE('',#277,#675,#677,.T.);
#675 = VERTEX_POINT('',#676);
#676 = CARTESIAN_POINT('',(-8.35,1.285879139105E-15,2.2));
#677 = SEAM_CURVE('',#678,(#682,#689),.PCURVE_S1.);
#678 = LINE('',#679,#680);
#679 = CARTESIAN_POINT('',(-8.35,1.285879139105E-15,0.));
#680 = VECTOR('',#681,1.);
#681 = DIRECTION('',(0.,0.,1.));
#682 = PCURVE('',#293,#683);
#683 = DEFINITIONAL_REPRESENTATION('',(#684),#688);
#684 = LINE('',#685,#686);
#685 = CARTESIAN_POINT('',(-0.,0.));
#686 = VECTOR('',#687,1.);
#687 = DIRECTION('',(-0.,-1.));
#688 = ( GEOMETRIC_REPRESENTATION_CONTEXT(2) 
PARAMETRIC_REPRESENTATION_CONTEXT() REPRESENTATION_CONTEXT('2D SPACE',''
  ) );
#689 = PCURVE('',#293,#690);
#690 = DEFINITIONAL_REPRESENTATION('',(#691),#695);
#691 = LINE('',#692,#693);
#692 = CARTESIAN_POINT('',(-6.28318530718,0.));
#693 = VECTOR('',#694,1.);
#694 = DIRECTION('',(-0.,-1.));
#695 = ( GEOMETRIC_REPRESENTATION_CONTEXT(2) 
PARAMETRIC_REPRESENTATION_CONTEXT() REPRESENTATION_CONTEXT('2D SPACE',''
  ) );
#696 = ORIENTED_EDGE('',*,*,#697,.T.);
#697 = EDGE_CURVE('',#675,#675,#698,.T.);
#698 = SURFACE_CURVE('',#699,(#704,#711),.PCURVE_S1.);
#699 = CIRCLE('',#700,2.15);
#700 = AXIS2_PLACEMENT_3D('',#701,#702,#703);
#701 = CARTESIAN_POINT('',(-10.5,1.285879139105E-15,2.2));
#702 = DIRECTION('',(0.,0.,1.));
#703 = DIRECTION('',(1.,0.,0.));
#704 = PCURVE('',#293,#705);
#705 = DEFINITIONAL_REPRESENTATION('',(#706),#710);
#706 = LINE('',#707,#708);
#707 = CARTESIAN_POINT('',(-0.,-2.2));
#708 = VECTOR('',#709,1.);
#709 = DIRECTION('',(-1.,0.));
#710 = ( GEOMETRIC_REPRESENTATION_CONTEXT(2) 
PARAMETRIC_REPRESENTATION_CONTEXT() REPRESENTATION_CONTEXT('2D SPACE',''
  ) );
#711 = PCURVE('',#712,#717);
#712 = PLANE('',#713);
#713 = AXIS2_PLACEMENT_3D('',#714,#715,#716);
#714 = CARTESIAN_POINT('',(5.25,9.093266739737,2.2));
#715 = DIRECTION('',(0.,0.,1.));
#716 = DIRECTION('',(1.,0.,-0.));
#717 = DEFINITIONAL_REPRESENTATION('',(#718),#722);
#718 = CIRCLE('',#719,2.15);
#719 = AXIS2_PLACEMENT_2D('',#720,#721);
#720 = CARTESIAN_POINT('',(-15.75,-9.093266739737));
#721 = DIRECTION('',(1.,0.));
#722 = ( GEOMETRIC_REPRESENTATION_CONTEXT(2) 
PARAMETRIC_REPRESENTATION_CONTEXT() REPRESENTATION_CONTEXT('2D SPACE',''
  ) );
#723 = ORIENTED_EDGE('',*,*,#674,.F.);
#724 = ORIENTED_EDGE('',*,*,#276,.F.);
#725 = ADVANCED_FACE('',(#726),#324,.F.);
#726 = FACE_BOUND('',#727,.T.);
#727 = EDGE_LOOP('',(#728,#751,#778,#779));
#728 = ORIENTED_EDGE('',*,*,#729,.T.);
#729 = EDGE_CURVE('',#308,#730,#732,.T.);
#730 = VERTEX_POINT('',#731);
#731 = CARTESIAN_POINT('',(-3.1,9.093266739737,2.2));
#732 = SEAM_CURVE('',#733,(#737,#744),.PCURVE_S1.);
#733 = LINE('',#734,#735);
#734 = CARTESIAN_POINT('',(-3.1,9.093266739737,0.));
#735 = VECTOR('',#736,1.);
#736 = DIRECTION('',(0.,0.,1.));
#737 = PCURVE('',#324,#738);
#738 = DEFINITIONAL_REPRESENTATION('',(#739),#743);
#739 = LINE('',#740,#741);
#740 = CARTESIAN_POINT('',(-0.,0.));
#741 = VECTOR('',#742,1.);
#742 = DIRECTION('',(-0.,-1.));
#743 = ( GEOMETRIC_REPRESENTATION_CONTEXT(2) 
PARAMETRIC_REPRESENTATION_CONTEXT() REPRESENTATION_CONTEXT('2D SPACE',''
  ) );
#744 = PCURVE('',#324,#745);
#745 = DEFINITIONAL_REPRESENTATION('',(#746),#750);
#746 = LINE('',#747,#748);
#747 = CARTESIAN_POINT('',(-6.28318530718,0.));
#748 = VECTOR('',#749,1.);
#749 = DIRECTION('',(-0.,-1.));
#750 = ( GEOMETRIC_REPRESENTATION_CONTEXT(2) 
PARAMETRIC_REPRESENTATION_CONTEXT() REPRESENTATION_CONTEXT('2D SPACE',''
  ) );
#751 = ORIENTED_EDGE('',*,*,#752,.T.);
#752 = EDGE_CURVE('',#730,#730,#753,.T.);
#753 = SURFACE_CURVE('',#754,(#759,#766),.PCURVE_S1.);
#754 = CIRCLE('',#755,2.15);
#755 = AXIS2_PLACEMENT_3D('',#756,#757,#758);
#756 = CARTESIAN_POINT('',(-5.25,9.093266739737,2.2));
#757 = DIRECTION('',(0.,0.,1.));
#758 = DIRECTION('',(1.,0.,0.));
#759 = PCURVE('',#324,#760);
#760 = DEFINITIONAL_REPRESENTATION('',(#761),#765);
#761 = LINE('',#762,#763);
#762 = CARTESIAN_POINT('',(-0.,-2.2));
#763 = VECTOR('',#764,1.);
#764 = DIRECTION('',(-1.,0.));
#765 = ( GEOMETRIC_REPRESENTATION_CONTEXT(2) 
PARAMETRIC_REPRESENTATION_CONTEXT() REPRESENTATION_CONTEXT('2D SPACE',''
  ) );
#766 = PCURVE('',#767,#772);
#767 = PLANE('',#768);
#768 = AXIS2_PLACEMENT_3D('',#769,#770,#771);
#769 = CARTESIAN_POINT('',(5.25,9.093266739737,2.2));
#770 = DIRECTION('',(0.,0.,1.));
#771 = DIRECTION('',(1.,0.,-0.));
#772 = DEFINITIONAL_REPRESENTATION('',(#773),#777);
#773 = CIRCLE('',#774,2.15);
#774 = AXIS2_PLACEMENT_2D('',#775,#776);
#775 = CARTESIAN_POINT('',(-10.5,0.));
#776 = DIRECTION('',(1.,0.));
#777 = ( GEOMETRIC_REPRESENTATION_CONTEXT(2) 
PARAMETRIC_REPRESENTATION_CONTEXT() REPRESENTATION_CONTEXT('2D SPACE',''
  ) );
#778 = ORIENTED_EDGE('',*,*,#729,.F.);
#779 = ORIENTED_EDGE('',*,*,#307,.F.);
#780 = ADVANCED_FACE('',(#781,#835),#355,.F.);
#781 = FACE_BOUND('',#782,.T.);
#782 = EDGE_LOOP('',(#783,#784,#807,#834));
#783 = ORIENTED_EDGE('',*,*,#338,.F.);
#784 = ORIENTED_EDGE('',*,*,#785,.T.);
#785 = EDGE_CURVE('',#339,#786,#788,.T.);
#786 = VERTEX_POINT('',#787);
#787 = CARTESIAN_POINT('',(2.65,0.,16.));
#788 = SEAM_CURVE('',#789,(#793,#800),.PCURVE_S1.);
#789 = LINE('',#790,#791);
#790 = CARTESIAN_POINT('',(2.65,0.,0.));
#791 = VECTOR('',#792,1.);
#792 = DIRECTION('',(0.,0.,1.));
#793 = PCURVE('',#355,#794);
#794 = DEFINITIONAL_REPRESENTATION('',(#795),#799);
#795 = LINE('',#796,#797);
#796 = CARTESIAN_POINT('',(-6.28318530718,0.));
#797 = VECTOR('',#798,1.);
#798 = DIRECTION('',(-0.,-1.));
#799 = ( GEOMETRIC_REPRESENTATION_CONTEXT(2) 
PARAMETRIC_REPRESENTATION_CONTEXT() REPRESENTATION_CONTEXT('2D SPACE',''
  ) );
#800 = PCURVE('',#355,#801);
#801 = DEFINITIONAL_REPRESENTATION('',(#802),#806);
#802 = LINE('',#803,#804);
#803 = CARTESIAN_POINT('',(-0.,0.));
#804 = VECTOR('',#805,1.);
#805 = DIRECTION('',(-0.,-1.));
#806 = ( GEOMETRIC_REPRESENTATION_CONTEXT(2) 
PARAMETRIC_REPRESENTATION_CONTEXT() REPRESENTATION_CONTEXT('2D SPACE',''
  ) );
#807 = ORIENTED_EDGE('',*,*,#808,.T.);
#808 = EDGE_CURVE('',#786,#786,#809,.T.);
#809 = SURFACE_CURVE('',#810,(#815,#822),.PCURVE_S1.);
#810 = CIRCLE('',#811,2.65);
#811 = AXIS2_PLACEMENT_3D('',#812,#813,#814);
#812 = CARTESIAN_POINT('',(0.,0.,16.));
#813 = DIRECTION('',(0.,0.,1.));
#814 = DIRECTION('',(1.,0.,0.));
#815 = PCURVE('',#355,#816);
#816 = DEFINITIONAL_REPRESENTATION('',(#817),#821);
#817 = LINE('',#818,#819);
#818 = CARTESIAN_POINT('',(-0.,-16.));
#819 = VECTOR('',#820,1.);
#820 = DIRECTION('',(-1.,0.));
#821 = ( GEOMETRIC_REPRESENTATION_CONTEXT(2) 
PARAMETRIC_REPRESENTATION_CONTEXT() REPRESENTATION_CONTEXT('2D SPACE',''
  ) );
#822 = PCURVE('',#823,#828);
#823 = PLANE('',#824);
#824 = AXIS2_PLACEMENT_3D('',#825,#826,#827);
#825 = CARTESIAN_POINT('',(-5.127900497023E-16,6.990076196319E-16,16.));
#826 = DIRECTION('',(0.,0.,1.));
#827 = DIRECTION('',(1.,0.,-0.));
#828 = DEFINITIONAL_REPRESENTATION('',(#829),#833);
#829 = CIRCLE('',#830,2.65);
#830 = AXIS2_PLACEMENT_2D('',#831,#832);
#831 = CARTESIAN_POINT('',(5.127900497023E-16,-6.990076196319E-16));
#832 = DIRECTION('',(1.,0.));
#833 = ( GEOMETRIC_REPRESENTATION_CONTEXT(2) 
PARAMETRIC_REPRESENTATION_CONTEXT() REPRESENTATION_CONTEXT('2D SPACE',''
  ) );
#834 = ORIENTED_EDGE('',*,*,#785,.F.);
#835 = FACE_BOUND('',#836,.T.);
#836 = EDGE_LOOP('',(#837));
#837 = ORIENTED_EDGE('',*,*,#838,.F.);
#838 = EDGE_CURVE('',#839,#839,#841,.T.);
#839 = VERTEX_POINT('',#840);
#840 = CARTESIAN_POINT('',(1.65,2.073644135333,11.));
#841 = SURFACE_CURVE('',#842,(#945,#1051),.PCURVE_S1.);
#842 = B_SPLINE_CURVE_WITH_KNOTS('',6,(#843,#844,#845,#846,#847,#848,
    #849,#850,#851,#852,#853,#854,#855,#856,#857,#858,#859,#860,#861,
    #862,#863,#864,#865,#866,#867,#868,#869,#870,#871,#872,#873,#874,
    #875,#876,#877,#878,#879,#880,#881,#882,#883,#884,#885,#886,#887,
    #888,#889,#890,#891,#892,#893,#894,#895,#896,#897,#898,#899,#900,
    #901,#902,#903,#904,#905,#906,#907,#908,#909,#910,#911,#912,#913,
    #914,#915,#916,#917,#918,#919,#920,#921,#922,#923,#924,#925,#926,
    #927,#928,#929,#930,#931,#932,#933,#934,#935,#936,#937,#938,#939,
    #940,#941,#942,#943,#944),.UNSPECIFIED.,.T.,.F.,(7,5,5,5,5,5,5,5,5,5
    ,5,5,5,5,5,5,5,5,5,5,7),(0.,5.015715338857E-02,0.103378612292,
    0.164790836282,0.210095613454,0.249298110779,0.308317877019,
    0.334201387623,0.395539173593,0.449195569471,0.499263257314,
    0.549568435782,0.602946963223,0.664540428546,0.70997891033,
    0.749297103079,0.80849105002,0.834450952635,0.895969772463,
    0.949784536323,1.),.UNSPECIFIED.);
#843 = CARTESIAN_POINT('',(1.65,2.073644135333,11.));
#844 = CARTESIAN_POINT('',(1.65,2.073644135333,11.081082807447));
#845 = CARTESIAN_POINT('',(1.645218631461,2.077448666448,11.162074434511
    ));
#846 = CARTESIAN_POINT('',(1.6356758652,2.085041883525,11.24263881424));
#847 = CARTESIAN_POINT('',(1.621420641424,2.096249666881,11.322430533209
    ));
#848 = CARTESIAN_POINT('',(1.60253696432,2.110739123661,11.401072973763)
  );
#849 = CARTESIAN_POINT('',(1.554441807641,2.14642991045,11.559920905395)
  );
#850 = CARTESIAN_POINT('',(1.524659815084,2.1679949911,11.639962156827)
  );
#851 = CARTESIAN_POINT('',(1.489955087327,2.192288860217,11.71810382319)
  );
#852 = CARTESIAN_POINT('',(1.450386728148,2.218800398837,11.79414424985)
  );
#853 = CARTESIAN_POINT('',(1.405995128646,2.246987908096,11.867839311367
    ));
#854 = CARTESIAN_POINT('',(1.300083343306,2.310118291984,12.020894700917
    ));
#855 = CARTESIAN_POINT('',(1.23692213199,2.345466155959,12.09946243517)
  );
#856 = CARTESIAN_POINT('',(1.167266626043,2.381563085354,12.174309289598
    ));
#857 = CARTESIAN_POINT('',(1.090962063696,2.41761250956,12.245003381499)
  );
#858 = CARTESIAN_POINT('',(1.007832111205,2.452753003945,12.310925997801
    ));
#859 = CARTESIAN_POINT('',(0.851276380661,2.510547317732,12.415706376902
    ));
#860 = CARTESIAN_POINT('',(0.780924932254,2.534095587778,12.457194196429
    ));
#861 = CARTESIAN_POINT('',(0.70678630393,2.556194879333,12.495208377397)
  );
#862 = CARTESIAN_POINT('',(0.629005999799,2.576377786021,12.529272269697
    ));
#863 = CARTESIAN_POINT('',(0.547775889012,2.594185120552,12.558904089629
    ));
#864 = CARTESIAN_POINT('',(0.390270446328,2.622154832721,12.604987422798
    ));
#865 = CARTESIAN_POINT('',(0.314796650495,2.633024909299,12.622677753558
    ));
#866 = CARTESIAN_POINT('',(0.237453531982,2.641436964044,12.636248307652
    ));
#867 = CARTESIAN_POINT('',(0.158811715262,2.647140987536,12.645407652593
    ));
#868 = CARTESIAN_POINT('',(7.946143225134E-02,2.65,12.65));
#869 = CARTESIAN_POINT('',(-0.119630010241,2.65,12.65));
#870 = CARTESIAN_POINT('',(-0.238553328365,2.643519230413,
    12.639591732688));
#871 = CARTESIAN_POINT('',(-0.355077672849,2.630702349288,
    12.619005898813));
#872 = CARTESIAN_POINT('',(-0.467550179916,2.612180181643,
    12.588959522504));
#873 = CARTESIAN_POINT('',(-0.574448743271,2.589055127616,
    12.550651662692));
#874 = CARTESIAN_POINT('',(-0.718339031312,2.551185325886,
    12.486202985882));
#875 = CARTESIAN_POINT('',(-0.761021852489,2.53898828641,12.465244280034
    ));
#876 = CARTESIAN_POINT('',(-0.802503357647,2.526222123357,
    12.443060663866));
#877 = CARTESIAN_POINT('',(-0.842769546038,2.512968358916,12.41973436092
    ));
#878 = CARTESIAN_POINT('',(-0.881810333642,2.49930706366,12.39534376865)
  );
#879 = CARTESIAN_POINT('',(-1.009218443021,2.452163381232,
    12.309818138096));
#880 = CARTESIAN_POINT('',(-1.091913242688,2.417157422018,
    12.244106713614));
#881 = CARTESIAN_POINT('',(-1.167840923906,2.381258420512,
    12.173669330456));
#882 = CARTESIAN_POINT('',(-1.237175664482,2.34531659519,12.099115602144
    ));
#883 = CARTESIAN_POINT('',(-1.300069929099,2.310118617457,
    12.020871728739));
#884 = CARTESIAN_POINT('',(-1.406042413106,2.246966404294,
    11.867807872979));
#885 = CARTESIAN_POINT('',(-1.450659460436,2.218631516319,
    11.793723552761));
#886 = CARTESIAN_POINT('',(-1.490402706634,2.191991296672,
    11.717269820337));
#887 = CARTESIAN_POINT('',(-1.52523091173,2.167596179084,11.638694989892
    ));
#888 = CARTESIAN_POINT('',(-1.555083882861,2.145965171339,
    11.558204036526));
#889 = CARTESIAN_POINT('',(-1.60298051257,2.110398715211,11.399220778828
    ));
#890 = CARTESIAN_POINT('',(-1.6216884758,2.096039084621,11.320927696058)
  );
#891 = CARTESIAN_POINT('',(-1.635810447899,2.084934795075,
    11.241500488199));
#892 = CARTESIAN_POINT('',(-1.645263669819,2.07741282965,11.161310867712
    ));
#893 = CARTESIAN_POINT('',(-1.65,2.073644135333,11.08070001571));
#894 = CARTESIAN_POINT('',(-1.65,2.073644135333,10.918917192553));
#895 = CARTESIAN_POINT('',(-1.645218631461,2.077448666448,
    10.837925565489));
#896 = CARTESIAN_POINT('',(-1.6356758652,2.085041883525,10.75736118576)
  );
#897 = CARTESIAN_POINT('',(-1.621420641424,2.096249666881,10.67756946679
    ));
#898 = CARTESIAN_POINT('',(-1.60253696432,2.110739123661,10.598927026237
    ));
#899 = CARTESIAN_POINT('',(-1.554441807641,2.14642991045,10.440079094605
    ));
#900 = CARTESIAN_POINT('',(-1.524659815084,2.1679949911,10.360037843173)
  );
#901 = CARTESIAN_POINT('',(-1.489955087327,2.192288860217,10.28189617681
    ));
#902 = CARTESIAN_POINT('',(-1.450386728148,2.218800398837,10.20585575015
    ));
#903 = CARTESIAN_POINT('',(-1.405995128646,2.246987908096,
    10.132160688633));
#904 = CARTESIAN_POINT('',(-1.300083343306,2.310118291984,9.979105299083
    ));
#905 = CARTESIAN_POINT('',(-1.23692213199,2.345466155959,9.90053756483)
  );
#906 = CARTESIAN_POINT('',(-1.167266626043,2.381563085354,9.825690710402
    ));
#907 = CARTESIAN_POINT('',(-1.090962063696,2.41761250956,9.754996618501)
  );
#908 = CARTESIAN_POINT('',(-1.007832111205,2.452753003945,9.689074002199
    ));
#909 = CARTESIAN_POINT('',(-0.851276380677,2.510547317726,9.584293623108
    ));
#910 = CARTESIAN_POINT('',(-0.78092493225,2.534095587781,9.542805803565)
  );
#911 = CARTESIAN_POINT('',(-0.70678630391,2.556194879338,9.504791622594)
  );
#912 = CARTESIAN_POINT('',(-0.629005999793,2.576377786021,9.470727730304
    ));
#913 = CARTESIAN_POINT('',(-0.547775889036,2.594185120547,9.441095910378
    ));
#914 = CARTESIAN_POINT('',(-0.390270446277,2.62215483273,9.395012577187)
  );
#915 = CARTESIAN_POINT('',(-0.314796650507,2.633024909293,9.377322246452
    ));
#916 = CARTESIAN_POINT('',(-0.237453532035,2.64143696404,9.363751692356)
  );
#917 = CARTESIAN_POINT('',(-0.158811715279,2.64714098754,9.354592347401)
  );
#918 = CARTESIAN_POINT('',(-7.946143219598E-02,2.65,9.35));
#919 = CARTESIAN_POINT('',(0.119630010241,2.65,9.35));
#920 = CARTESIAN_POINT('',(0.238553328365,2.643519230413,9.360408267312)
  );
#921 = CARTESIAN_POINT('',(0.355077672849,2.630702349288,9.380994101187)
  );
#922 = CARTESIAN_POINT('',(0.467550179916,2.612180181643,9.411040477496)
  );
#923 = CARTESIAN_POINT('',(0.574448743271,2.589055127616,9.449348337308)
  );
#924 = CARTESIAN_POINT('',(0.718339037913,2.551185324148,9.513797017075)
  );
#925 = CARTESIAN_POINT('',(0.761021851468,2.538988286984,9.534755718874)
  );
#926 = CARTESIAN_POINT('',(0.8025033517,2.526222125217,9.556939332858));
#927 = CARTESIAN_POINT('',(0.842769543802,2.512968359375,9.580265638351)
  );
#928 = CARTESIAN_POINT('',(0.881810338725,2.499307061779,9.604656234762)
  );
#929 = CARTESIAN_POINT('',(1.009218435195,2.452163384127,9.690181856651)
  );
#930 = CARTESIAN_POINT('',(1.091913254374,2.41715741679,9.755893297164)
  );
#931 = CARTESIAN_POINT('',(1.167840925162,2.381258420626,9.826330668406)
  );
#932 = CARTESIAN_POINT('',(1.237175653512,2.345316600434,9.900884386595)
  );
#933 = CARTESIAN_POINT('',(1.300069934528,2.310118614222,9.979128279102)
  );
#934 = CARTESIAN_POINT('',(1.406042413106,2.246966404294,10.132192127021
    ));
#935 = CARTESIAN_POINT('',(1.450659460436,2.218631516319,10.206276447239
    ));
#936 = CARTESIAN_POINT('',(1.490402706634,2.191991296672,10.282730179663
    ));
#937 = CARTESIAN_POINT('',(1.52523091173,2.167596179084,10.361305010108)
  );
#938 = CARTESIAN_POINT('',(1.555083882861,2.145965171339,10.441795963474
    ));
#939 = CARTESIAN_POINT('',(1.60298051257,2.110398715211,10.600779221172)
  );
#940 = CARTESIAN_POINT('',(1.6216884758,2.096039084621,10.679072303942)
  );
#941 = CARTESIAN_POINT('',(1.635810447899,2.084934795075,10.758499511801
    ));
#942 = CARTESIAN_POINT('',(1.645263669819,2.07741282965,10.838689132288)
  );
#943 = CARTESIAN_POINT('',(1.65,2.073644135333,10.91929998429));
#944 = CARTESIAN_POINT('',(1.65,2.073644135333,11.));
#945 = PCURVE('',#355,#946);
#946 = DEFINITIONAL_REPRESENTATION('',(#947),#1050);
#947 = B_SPLINE_CURVE_WITH_KNOTS('',6,(#948,#949,#950,#951,#952,#953,
    #954,#955,#956,#957,#958,#959,#960,#961,#962,#963,#964,#965,#966,
    #967,#968,#969,#970,#971,#972,#973,#974,#975,#976,#977,#978,#979,
    #980,#981,#982,#983,#984,#985,#986,#987,#988,#989,#990,#991,#992,
    #993,#994,#995,#996,#997,#998,#999,#1000,#1001,#1002,#1003,#1004,
    #1005,#1006,#1007,#1008,#1009,#1010,#1011,#1012,#1013,#1014,#1015,
    #1016,#1017,#1018,#1019,#1020,#1021,#1022,#1023,#1024,#1025,#1026,
    #1027,#1028,#1029,#1030,#1031,#1032,#1033,#1034,#1035,#1036,#1037,
    #1038,#1039,#1040,#1041,#1042,#1043,#1044,#1045,#1046,#1047,#1048,
    #1049),.UNSPECIFIED.,.T.,.F.,(7,5,5,5,5,5,5,5,5,5,5,5,5,5,5,5,5,5,5,
    5,7),(0.,5.015715338857E-02,0.103378612292,0.164790836282,
    0.210095613454,0.249298110779,0.308317877019,0.334201387623,
    0.395539173593,0.449195569471,0.499263257314,0.549568435782,
    0.602946963223,0.664540428546,0.70997891033,0.749297103079,
    0.80849105002,0.834450952635,0.895969772463,0.949784536323,1.),
  .UNSPECIFIED.);
#948 = CARTESIAN_POINT('',(-0.898682438971,-11.));
#949 = CARTESIAN_POINT('',(-0.898682438971,-11.08108280744));
#950 = CARTESIAN_POINT('',(-0.900988208425,-11.16207443451));
#951 = CARTESIAN_POINT('',(-0.90559019119,-11.24263881424));
#952 = CARTESIAN_POINT('',(-0.912432816524,-11.3224305332));
#953 = CARTESIAN_POINT('',(-0.921413552072,-11.40107297376));
#954 = CARTESIAN_POINT('',(-0.944014069549,-11.55992090539));
#955 = CARTESIAN_POINT('',(-0.957888548358,-11.63996215682));
#956 = CARTESIAN_POINT('',(-0.973871174763,-11.71810382319));
#957 = CARTESIAN_POINT('',(-0.991837574632,-11.79414424985));
#958 = CARTESIAN_POINT('',(-1.011672915278,-11.86783931136));
#959 = CARTESIAN_POINT('',(-1.058201005446,-12.02089470091));
#960 = CARTESIAN_POINT('',(-1.085503762908,-12.09946243517));
#961 = CARTESIAN_POINT('',(-1.115084677227,-12.17430928959));
#962 = CARTESIAN_POINT('',(-1.146893379856,-12.24500338149));
#963 = CARTESIAN_POINT('',(-1.180914434205,-12.3109259978));
#964 = CARTESIAN_POINT('',(-1.243889087627,-12.4157063769));
#965 = CARTESIAN_POINT('',(-1.271871429826,-12.45719419642));
#966 = CARTESIAN_POINT('',(-1.301039327157,-12.49520837739));
#967 = CARTESIAN_POINT('',(-1.331331060045,-12.52927226969));
#968 = CARTESIAN_POINT('',(-1.362686613777,-12.55890408962));
#969 = CARTESIAN_POINT('',(-1.423052496264,-12.60498742279));
#970 = CARTESIAN_POINT('',(-1.451811706127,-12.62267775355));
#971 = CARTESIAN_POINT('',(-1.481142608625,-12.63624830765));
#972 = CARTESIAN_POINT('',(-1.510867429783,-12.64540765259));
#973 = CARTESIAN_POINT('',(-1.540810880662,-12.65));
#974 = CARTESIAN_POINT('',(-1.615939726886,-12.65));
#975 = CARTESIAN_POINT('',(-1.660816525423,-12.63959173268));
#976 = CARTESIAN_POINT('',(-1.704953215041,-12.61900589881));
#977 = CARTESIAN_POINT('',(-1.747883618381,-12.5889595225));
#978 = CARTESIAN_POINT('',(-1.789115351616,-12.55065166269));
#979 = CARTESIAN_POINT('',(-1.845262613713,-12.48620298588));
#980 = CARTESIAN_POINT('',(-1.862010405022,-12.46524428003));
#981 = CARTESIAN_POINT('',(-1.878383421474,-12.44306066386));
#982 = CARTESIAN_POINT('',(-1.894375865852,-12.41973436092));
#983 = CARTESIAN_POINT('',(-1.90998172327,-12.39534376865));
#984 = CARTESIAN_POINT('',(-1.96124605564,-12.30981813809));
#985 = CARTESIAN_POINT('',(-1.995096671951,-12.24410671361));
#986 = CARTESIAN_POINT('',(-2.026753071678,-12.17366933045));
#987 = CARTESIAN_POINT('',(-2.056199888599,-12.09911560214));
#988 = CARTESIAN_POINT('',(-2.083387237007,-12.02087172873));
#989 = CARTESIAN_POINT('',(-2.129939220137,-11.86780787297));
#990 = CARTESIAN_POINT('',(-2.149876055515,-11.79372355276));
#991 = CARTESIAN_POINT('',(-2.167924217434,-11.71726982033));
#992 = CARTESIAN_POINT('',(-2.183966899039,-11.63869498989));
#993 = CARTESIAN_POINT('',(-2.197877663411,-11.55820403652));
#994 = CARTESIAN_POINT('',(-2.220390062397,-11.39922077882));
#995 = CARTESIAN_POINT('',(-2.22928840037,-11.32092769605));
#996 = CARTESIAN_POINT('',(-2.236067365375,-11.24150048819));
#997 = CARTESIAN_POINT('',(-2.240626164198,-11.16131086771));
#998 = CARTESIAN_POINT('',(-2.242910214619,-11.08070001571));
#999 = CARTESIAN_POINT('',(-2.242910214619,-10.91891719255));
#1000 = CARTESIAN_POINT('',(-2.240604445165,-10.83792556548));
#1001 = CARTESIAN_POINT('',(-2.236002462399,-10.75736118576));
#1002 = CARTESIAN_POINT('',(-2.229159837066,-10.67756946679));
#1003 = CARTESIAN_POINT('',(-2.220179101517,-10.59892702623));
#1004 = CARTESIAN_POINT('',(-2.197578584041,-10.4400790946));
#1005 = CARTESIAN_POINT('',(-2.183704105232,-10.36003784317));
#1006 = CARTESIAN_POINT('',(-2.167721478827,-10.28189617681));
#1007 = CARTESIAN_POINT('',(-2.149755078958,-10.20585575015));
#1008 = CARTESIAN_POINT('',(-2.129919738311,-10.13216068863));
#1009 = CARTESIAN_POINT('',(-2.083391648144,-9.979105299083));
#1010 = CARTESIAN_POINT('',(-2.056088890682,-9.90053756483));
#1011 = CARTESIAN_POINT('',(-2.026507976363,-9.825690710402));
#1012 = CARTESIAN_POINT('',(-1.994699273733,-9.754996618501));
#1013 = CARTESIAN_POINT('',(-1.960678219385,-9.689074002199));
#1014 = CARTESIAN_POINT('',(-1.897703565969,-9.584293623108));
#1015 = CARTESIAN_POINT('',(-1.869721223762,-9.542805803565));
#1016 = CARTESIAN_POINT('',(-1.840553326426,-9.504791622594));
#1017 = CARTESIAN_POINT('',(-1.810261593543,-9.470727730304));
#1018 = CARTESIAN_POINT('',(-1.778906039823,-9.441095910378));
#1019 = CARTESIAN_POINT('',(-1.718540157307,-9.395012577187));
#1020 = CARTESIAN_POINT('',(-1.689780947468,-9.377322246452));
#1021 = CARTESIAN_POINT('',(-1.660450044985,-9.363751692356));
#1022 = CARTESIAN_POINT('',(-1.630725223813,-9.354592347401));
#1023 = CARTESIAN_POINT('',(-1.600781772907,-9.35));
#1024 = CARTESIAN_POINT('',(-1.525652926704,-9.35));
#1025 = CARTESIAN_POINT('',(-1.480776128167,-9.360408267312));
#1026 = CARTESIAN_POINT('',(-1.436639438548,-9.380994101187));
#1027 = CARTESIAN_POINT('',(-1.393709035208,-9.411040477496));
#1028 = CARTESIAN_POINT('',(-1.352477301974,-9.449348337308));
#1029 = CARTESIAN_POINT('',(-1.296330037301,-9.513797017075));
#1030 = CARTESIAN_POINT('',(-1.279582249,-9.534755718874));
#1031 = CARTESIAN_POINT('',(-1.26320923447,-9.556939332858));
#1032 = CARTESIAN_POINT('',(-1.247216788595,-9.580265638351));
#1033 = CARTESIAN_POINT('',(-1.231610928275,-9.604656234762));
#1034 = CARTESIAN_POINT('',(-1.180346601098,-9.690181856651));
#1035 = CARTESIAN_POINT('',(-1.146495976792,-9.755893297164));
#1036 = CARTESIAN_POINT('',(-1.114839581501,-9.826330668406));
#1037 = CARTESIAN_POINT('',(-1.085392769596,-9.900884386595));
#1038 = CARTESIAN_POINT('',(-1.058205414198,-9.979128279102));
#1039 = CARTESIAN_POINT('',(-1.011653433453,-10.13219212702));
#1040 = CARTESIAN_POINT('',(-0.991716598075,-10.20627644723));
#1041 = CARTESIAN_POINT('',(-0.973668436156,-10.28273017966));
#1042 = CARTESIAN_POINT('',(-0.957625754551,-10.3613050101));
#1043 = CARTESIAN_POINT('',(-0.943714990178,-10.44179596347));
#1044 = CARTESIAN_POINT('',(-0.921202591193,-10.60077922117));
#1045 = CARTESIAN_POINT('',(-0.912304253219,-10.67907230394));
#1046 = CARTESIAN_POINT('',(-0.905525288215,-10.7584995118));
#1047 = CARTESIAN_POINT('',(-0.900966489391,-10.83868913228));
#1048 = CARTESIAN_POINT('',(-0.898682438971,-10.91929998429));
#1049 = CARTESIAN_POINT('',(-0.898682438971,-11.));
#1050 = ( GEOMETRIC_REPRESENTATION_CONTEXT(2) 
PARAMETRIC_REPRESENTATION_CONTEXT() REPRESENTATION_CONTEXT('2D SPACE',''
  ) );
#1051 = PCURVE('',#1052,#1057);
#1052 = CYLINDRICAL_SURFACE('',#1053,1.65);
#1053 = AXIS2_PLACEMENT_3D('',#1054,#1055,#1056);
#1054 = CARTESIAN_POINT('',(0.,0.,11.));
#1055 = DIRECTION('',(0.,-1.,0.));
#1056 = DIRECTION('',(1.,0.,0.));
#1057 = DEFINITIONAL_REPRESENTATION('',(#1058),#1161);
#1058 = B_SPLINE_CURVE_WITH_KNOTS('',6,(#1059,#1060,#1061,#1062,#1063,
    #1064,#1065,#1066,#1067,#1068,#1069,#1070,#1071,#1072,#1073,#1074,
    #1075,#1076,#1077,#1078,#1079,#1080,#1081,#1082,#1083,#1084,#1085,
    #1086,#1087,#1088,#1089,#1090,#1091,#1092,#1093,#1094,#1095,#1096,
    #1097,#1098,#1099,#1100,#1101,#1102,#1103,#1104,#1105,#1106,#1107,
    #1108,#1109,#1110,#1111,#1112,#1113,#1114,#1115,#1116,#1117,#1118,
    #1119,#1120,#1121,#1122,#1123,#1124,#1125,#1126,#1127,#1128,#1129,
    #1130,#1131,#1132,#1133,#1134,#1135,#1136,#1137,#1138,#1139,#1140,
    #1141,#1142,#1143,#1144,#1145,#1146,#1147,#1148,#1149,#1150,#1151,
    #1152,#1153,#1154,#1155,#1156,#1157,#1158,#1159,#1160),
  .UNSPECIFIED.,.F.,.F.,(7,5,5,5,5,5,5,5,5,5,5,5,5,5,5,5,5,5,5,5,7),(0.,
    5.015715338857E-02,0.103378612292,0.164790836282,0.210095613454,
    0.249298110779,0.308317877019,0.334201387623,0.395539173593,
    0.449195569471,0.499263257314,0.549568435782,0.602946963223,
    0.664540428546,0.70997891033,0.749297103079,0.80849105002,
    0.834450952635,0.895969772463,0.949784536323,1.),.UNSPECIFIED.);
#1059 = CARTESIAN_POINT('',(0.,-2.073644135333));
#1060 = CARTESIAN_POINT('',(4.914109542241E-02,-2.073644135333));
#1061 = CARTESIAN_POINT('',(9.822689781842E-02,-2.077448666448));
#1062 = CARTESIAN_POINT('',(0.147267552161,-2.085041883525));
#1063 = CARTESIAN_POINT('',(0.196264172805,-2.096249666881));
#1064 = CARTESIAN_POINT('',(0.245197626187,-2.110739123661));
#1065 = CARTESIAN_POINT('',(0.345785082444,-2.14642991045));
#1066 = CARTESIAN_POINT('',(0.397444112605,-2.1679949911));
#1067 = CARTESIAN_POINT('',(0.449115285535,-2.192288860217));
#1068 = CARTESIAN_POINT('',(0.500916555955,-2.218800398837));
#1069 = CARTESIAN_POINT('',(0.552953297493,-2.246987908096));
#1070 = CARTESIAN_POINT('',(0.665757537337,-2.310118291984));
#1071 = CARTESIAN_POINT('',(0.7266955065,-2.345466155959));
#1072 = CARTESIAN_POINT('',(0.788417132275,-2.381563085354));
#1073 = CARTESIAN_POINT('',(0.851188768614,-2.41761250956));
#1074 = CARTESIAN_POINT('',(0.915280828797,-2.452753003945));
#1075 = CARTESIAN_POINT('',(1.029453099855,-2.510547317732));
#1076 = CARTESIAN_POINT('',(1.078871730075,-2.534095587778));
#1077 = CARTESIAN_POINT('',(1.129232354481,-2.556194879333));
#1078 = CARTESIAN_POINT('',(1.18054487765,-2.576377786021));
#1079 = CARTESIAN_POINT('',(1.232837526774,-2.594185120552));
#1080 = CARTESIAN_POINT('',(1.332297294463,-2.622154832721));
#1081 = CARTESIAN_POINT('',(1.379209155559,-2.633024909299));
#1082 = CARTESIAN_POINT('',(1.426684116642,-2.641436964044));
#1083 = CARTESIAN_POINT('',(1.474546755087,-2.647140987536));
#1084 = CARTESIAN_POINT('',(1.522637883006,-2.65));
#1085 = CARTESIAN_POINT('',(1.643299363304,-2.65));
#1086 = CARTESIAN_POINT('',(1.715374024975,-2.643519230413));
#1087 = CARTESIAN_POINT('',(1.786681260734,-2.630702349288));
#1088 = CARTESIAN_POINT('',(1.856862805536,-2.612180181643));
#1089 = CARTESIAN_POINT('',(1.925480146738,-2.589055127616));
#1090 = CARTESIAN_POINT('',(2.021034297626,-2.551185325886));
#1091 = CARTESIAN_POINT('',(2.049835175811,-2.53898828641));
#1092 = CARTESIAN_POINT('',(2.07831927689,-2.526222123357));
#1093 = CARTESIAN_POINT('',(2.106498241721,-2.512968358916));
#1094 = CARTESIAN_POINT('',(2.134382484083,-2.49930706366));
#1095 = CARTESIAN_POINT('',(2.227383584656,-2.452163381232));
#1096 = CARTESIAN_POINT('',(2.291192388906,-2.417157422018));
#1097 = CARTESIAN_POINT('',(2.353694219266,-2.381258420512));
#1098 = CARTESIAN_POINT('',(2.415156364237,-2.34531659519));
#1099 = CARTESIAN_POINT('',(2.475841937109,-2.310118617457));
#1100 = CARTESIAN_POINT('',(2.588671332537,-2.246966404294));
#1101 = CARTESIAN_POINT('',(2.640979010697,-2.218631516319));
#1102 = CARTESIAN_POINT('',(2.693049080148,-2.191991296672));
#1103 = CARTESIAN_POINT('',(2.744988253706,-2.167596179084));
#1104 = CARTESIAN_POINT('',(2.796916167216,-2.145965171339));
#1105 = CARTESIAN_POINT('',(2.897547349486,-2.110398715211));
#1106 = CARTESIAN_POINT('',(2.946251251924,-2.096039084621));
#1107 = CARTESIAN_POINT('',(2.99501801056,-2.084934795075));
#1108 = CARTESIAN_POINT('',(3.043828522578,-2.07741282965));
#1109 = CARTESIAN_POINT('',(3.09268355316,-2.073644135333));
#1110 = CARTESIAN_POINT('',(3.190733749012,-2.073644135333));
#1111 = CARTESIAN_POINT('',(3.239819551408,-2.077448666448));
#1112 = CARTESIAN_POINT('',(3.288860205751,-2.085041883525));
#1113 = CARTESIAN_POINT('',(3.337856826394,-2.096249666881));
#1114 = CARTESIAN_POINT('',(3.386790279776,-2.110739123661));
#1115 = CARTESIAN_POINT('',(3.487377736033,-2.14642991045));
#1116 = CARTESIAN_POINT('',(3.539036766195,-2.1679949911));
#1117 = CARTESIAN_POINT('',(3.590707939125,-2.192288860217));
#1118 = CARTESIAN_POINT('',(3.642509209545,-2.218800398837));
#1119 = CARTESIAN_POINT('',(3.694545951083,-2.246987908096));
#1120 = CARTESIAN_POINT('',(3.807350190927,-2.310118291984));
#1121 = CARTESIAN_POINT('',(3.868288160089,-2.345466155959));
#1122 = CARTESIAN_POINT('',(3.930009785865,-2.381563085354));
#1123 = CARTESIAN_POINT('',(3.992781422204,-2.41761250956));
#1124 = CARTESIAN_POINT('',(4.056873482386,-2.452753003945));
#1125 = CARTESIAN_POINT('',(4.171045753433,-2.510547317726));
#1126 = CARTESIAN_POINT('',(4.220464383669,-2.534095587781));
#1127 = CARTESIAN_POINT('',(4.270825008084,-2.556194879338));
#1128 = CARTESIAN_POINT('',(4.322137531242,-2.576377786021));
#1129 = CARTESIAN_POINT('',(4.374430180348,-2.594185120547));
#1130 = CARTESIAN_POINT('',(4.473889948085,-2.62215483273));
#1131 = CARTESIAN_POINT('',(4.520801809141,-2.633024909293));
#1132 = CARTESIAN_POINT('',(4.568276770199,-2.64143696404));
#1133 = CARTESIAN_POINT('',(4.616139408668,-2.64714098754));
#1134 = CARTESIAN_POINT('',(4.66423053663,-2.65));
#1135 = CARTESIAN_POINT('',(4.784892016894,-2.65));
#1136 = CARTESIAN_POINT('',(4.856966678565,-2.643519230413));
#1137 = CARTESIAN_POINT('',(4.928273914324,-2.630702349288));
#1138 = CARTESIAN_POINT('',(4.998455459126,-2.612180181643));
#1139 = CARTESIAN_POINT('',(5.067072800328,-2.589055127616));
#1140 = CARTESIAN_POINT('',(5.1626269556,-2.551185324148));
#1141 = CARTESIAN_POINT('',(5.191427828537,-2.538988286984));
#1142 = CARTESIAN_POINT('',(5.219911926352,-2.526222125217));
#1143 = CARTESIAN_POINT('',(5.248090893908,-2.512968359375));
#1144 = CARTESIAN_POINT('',(5.275975141383,-2.499307061779));
#1145 = CARTESIAN_POINT('',(5.368976232534,-2.452163384127));
#1146 = CARTESIAN_POINT('',(5.432785052267,-2.41715741679));
#1147 = CARTESIAN_POINT('',(5.495286872914,-2.381258420626));
#1148 = CARTESIAN_POINT('',(5.556749008161,-2.345316600434));
#1149 = CARTESIAN_POINT('',(5.617434596479,-2.310118614222));
#1150 = CARTESIAN_POINT('',(5.730263986127,-2.246966404294));
#1151 = CARTESIAN_POINT('',(5.782571664287,-2.218631516319));
#1152 = CARTESIAN_POINT('',(5.834641733738,-2.191991296672));
#1153 = CARTESIAN_POINT('',(5.886580907296,-2.167596179084));
#1154 = CARTESIAN_POINT('',(5.938508820805,-2.145965171339));
#1155 = CARTESIAN_POINT('',(6.039140003075,-2.110398715211));
#1156 = CARTESIAN_POINT('',(6.087843905514,-2.096039084621));
#1157 = CARTESIAN_POINT('',(6.136610664149,-2.084934795075));
#1158 = CARTESIAN_POINT('',(6.185421176168,-2.07741282965));
#1159 = CARTESIAN_POINT('',(6.234276206749,-2.073644135333));
#1160 = CARTESIAN_POINT('',(6.28318530718,-2.073644135333));
#1161 = ( GEOMETRIC_REPRESENTATION_CONTEXT(2) 
PARAMETRIC_REPRESENTATION_CONTEXT() REPRESENTATION_CONTEXT('2D SPACE',''
  ) );
#1162 = ADVANCED_FACE('',(#1163),#386,.F.);
#1163 = FACE_BOUND('',#1164,.T.);
#1164 = EDGE_LOOP('',(#1165,#1188,#1215,#1216));
#1165 = ORIENTED_EDGE('',*,*,#1166,.T.);
#1166 = EDGE_CURVE('',#370,#1167,#1169,.T.);
#1167 = VERTEX_POINT('',#1168);
#1168 = CARTESIAN_POINT('',(7.4,9.093266739737,2.2));
#1169 = SEAM_CURVE('',#1170,(#1174,#1181),.PCURVE_S1.);
#1170 = LINE('',#1171,#1172);
#1171 = CARTESIAN_POINT('',(7.4,9.093266739737,0.));
#1172 = VECTOR('',#1173,1.);
#1173 = DIRECTION('',(0.,0.,1.));
#1174 = PCURVE('',#386,#1175);
#1175 = DEFINITIONAL_REPRESENTATION('',(#1176),#1180);
#1176 = LINE('',#1177,#1178);
#1177 = CARTESIAN_POINT('',(-0.,0.));
#1178 = VECTOR('',#1179,1.);
#1179 = DIRECTION('',(-0.,-1.));
#1180 = ( GEOMETRIC_REPRESENTATION_CONTEXT(2) 
PARAMETRIC_REPRESENTATION_CONTEXT() REPRESENTATION_CONTEXT('2D SPACE',''
  ) );
#1181 = PCURVE('',#386,#1182);
#1182 = DEFINITIONAL_REPRESENTATION('',(#1183),#1187);
#1183 = LINE('',#1184,#1185);
#1184 = CARTESIAN_POINT('',(-6.28318530718,0.));
#1185 = VECTOR('',#1186,1.);
#1186 = DIRECTION('',(-0.,-1.));
#1187 = ( GEOMETRIC_REPRESENTATION_CONTEXT(2) 
PARAMETRIC_REPRESENTATION_CONTEXT() REPRESENTATION_CONTEXT('2D SPACE',''
  ) );
#1188 = ORIENTED_EDGE('',*,*,#1189,.T.);
#1189 = EDGE_CURVE('',#1167,#1167,#1190,.T.);
#1190 = SURFACE_CURVE('',#1191,(#1196,#1203),.PCURVE_S1.);
#1191 = CIRCLE('',#1192,2.15);
#1192 = AXIS2_PLACEMENT_3D('',#1193,#1194,#1195);
#1193 = CARTESIAN_POINT('',(5.25,9.093266739737,2.2));
#1194 = DIRECTION('',(0.,0.,1.));
#1195 = DIRECTION('',(1.,0.,0.));
#1196 = PCURVE('',#386,#1197);
#1197 = DEFINITIONAL_REPRESENTATION('',(#1198),#1202);
#1198 = LINE('',#1199,#1200);
#1199 = CARTESIAN_POINT('',(-0.,-2.2));
#1200 = VECTOR('',#1201,1.);
#1201 = DIRECTION('',(-1.,0.));
#1202 = ( GEOMETRIC_REPRESENTATION_CONTEXT(2) 
PARAMETRIC_REPRESENTATION_CONTEXT() REPRESENTATION_CONTEXT('2D SPACE',''
  ) );
#1203 = PCURVE('',#1204,#1209);
#1204 = PLANE('',#1205);
#1205 = AXIS2_PLACEMENT_3D('',#1206,#1207,#1208);
#1206 = CARTESIAN_POINT('',(5.25,9.093266739737,2.2));
#1207 = DIRECTION('',(0.,0.,1.));
#1208 = DIRECTION('',(1.,0.,-0.));
#1209 = DEFINITIONAL_REPRESENTATION('',(#1210),#1214);
#1210 = CIRCLE('',#1211,2.15);
#1211 = AXIS2_PLACEMENT_2D('',#1212,#1213);
#1212 = CARTESIAN_POINT('',(0.,0.));
#1213 = DIRECTION('',(1.,0.));
#1214 = ( GEOMETRIC_REPRESENTATION_CONTEXT(2) 
PARAMETRIC_REPRESENTATION_CONTEXT() REPRESENTATION_CONTEXT('2D SPACE',''
  ) );
#1215 = ORIENTED_EDGE('',*,*,#1166,.F.);
#1216 = ORIENTED_EDGE('',*,*,#369,.F.);
#1217 = ADVANCED_FACE('',(#1218,#1267),#515,.T.);
#1218 = FACE_BOUND('',#1219,.F.);
#1219 = EDGE_LOOP('',(#1220,#1221,#1244,#1266));
#1220 = ORIENTED_EDGE('',*,*,#498,.F.);
#1221 = ORIENTED_EDGE('',*,*,#1222,.T.);
#1222 = EDGE_CURVE('',#499,#1223,#1225,.T.);
#1223 = VERTEX_POINT('',#1224);
#1224 = CARTESIAN_POINT('',(8.,0.,16.));
#1225 = SEAM_CURVE('',#1226,(#1230,#1237),.PCURVE_S1.);
#1226 = LINE('',#1227,#1228);
#1227 = CARTESIAN_POINT('',(8.,0.,6.));
#1228 = VECTOR('',#1229,1.);
#1229 = DIRECTION('',(0.,0.,1.));
#1230 = PCURVE('',#515,#1231);
#1231 = DEFINITIONAL_REPRESENTATION('',(#1232),#1236);
#1232 = LINE('',#1233,#1234);
#1233 = CARTESIAN_POINT('',(-6.28318530718,0.));
#1234 = VECTOR('',#1235,1.);
#1235 = DIRECTION('',(-0.,-1.));
#1236 = ( GEOMETRIC_REPRESENTATION_CONTEXT(2) 
PARAMETRIC_REPRESENTATION_CONTEXT() REPRESENTATION_CONTEXT('2D SPACE',''
  ) );
#1237 = PCURVE('',#515,#1238);
#1238 = DEFINITIONAL_REPRESENTATION('',(#1239),#1243);
#1239 = LINE('',#1240,#1241);
#1240 = CARTESIAN_POINT('',(-0.,0.));
#1241 = VECTOR('',#1242,1.);
#1242 = DIRECTION('',(-0.,-1.));
#1243 = ( GEOMETRIC_REPRESENTATION_CONTEXT(2) 
PARAMETRIC_REPRESENTATION_CONTEXT() REPRESENTATION_CONTEXT('2D SPACE',''
  ) );
#1244 = ORIENTED_EDGE('',*,*,#1245,.T.);
#1245 = EDGE_CURVE('',#1223,#1223,#1246,.T.);
#1246 = SURFACE_CURVE('',#1247,(#1252,#1259),.PCURVE_S1.);
#1247 = CIRCLE('',#1248,8.);
#1248 = AXIS2_PLACEMENT_3D('',#1249,#1250,#1251);
#1249 = CARTESIAN_POINT('',(0.,0.,16.));
#1250 = DIRECTION('',(0.,0.,1.));
#1251 = DIRECTION('',(1.,0.,0.));
#1252 = PCURVE('',#515,#1253);
#1253 = DEFINITIONAL_REPRESENTATION('',(#1254),#1258);
#1254 = LINE('',#1255,#1256);
#1255 = CARTESIAN_POINT('',(-0.,-10.));
#1256 = VECTOR('',#1257,1.);
#1257 = DIRECTION('',(-1.,0.));
#1258 = ( GEOMETRIC_REPRESENTATION_CONTEXT(2) 
PARAMETRIC_REPRESENTATION_CONTEXT() REPRESENTATION_CONTEXT('2D SPACE',''
  ) );
#1259 = PCURVE('',#823,#1260);
#1260 = DEFINITIONAL_REPRESENTATION('',(#1261),#1265);
#1261 = CIRCLE('',#1262,8.);
#1262 = AXIS2_PLACEMENT_2D('',#1263,#1264);
#1263 = CARTESIAN_POINT('',(5.127900497023E-16,-6.990076196319E-16));
#1264 = DIRECTION('',(1.,0.));
#1265 = ( GEOMETRIC_REPRESENTATION_CONTEXT(2) 
PARAMETRIC_REPRESENTATION_CONTEXT() REPRESENTATION_CONTEXT('2D SPACE',''
  ) );
#1266 = ORIENTED_EDGE('',*,*,#1222,.F.);
#1267 = FACE_BOUND('',#1268,.F.);
#1268 = EDGE_LOOP('',(#1269));
#1269 = ORIENTED_EDGE('',*,*,#1270,.F.);
#1270 = EDGE_CURVE('',#1271,#1271,#1273,.T.);
#1271 = VERTEX_POINT('',#1272);
#1272 = CARTESIAN_POINT('',(1.65,7.827994634643,11.));
#1273 = SURFACE_CURVE('',#1274,(#1326,#1381),.PCURVE_S1.);
#1274 = B_SPLINE_CURVE_WITH_KNOTS('',8,(#1275,#1276,#1277,#1278,#1279,
    #1280,#1281,#1282,#1283,#1284,#1285,#1286,#1287,#1288,#1289,#1290,
    #1291,#1292,#1293,#1294,#1295,#1296,#1297,#1298,#1299,#1300,#1301,
    #1302,#1303,#1304,#1305,#1306,#1307,#1308,#1309,#1310,#1311,#1312,
    #1313,#1314,#1315,#1316,#1317,#1318,#1319,#1320,#1321,#1322,#1323,
    #1324,#1325),.UNSPECIFIED.,.T.,.F.,(9,7,7,7,7,7,7,9),(0.,
    0.152415941347,0.286389216599,0.423246891171,0.577162039551,
    0.705434731076,0.828579480785,1.),.UNSPECIFIED.);
#1275 = CARTESIAN_POINT('',(1.65,7.827994634643,11.));
#1276 = CARTESIAN_POINT('',(1.65,7.827994634643,11.171914143565));
#1277 = CARTESIAN_POINT('',(1.629529790886,7.832309184011,
    11.345096243584));
#1278 = CARTESIAN_POINT('',(1.588058602064,7.84105138212,11.517256582338
    ));
#1279 = CARTESIAN_POINT('',(1.5251622244,7.853994333815,11.686033924247)
  );
#1280 = CARTESIAN_POINT('',(1.44044681153,7.870558899604,11.848927721975
    ));
#1281 = CARTESIAN_POINT('',(1.333512146816,7.889795983203,
    12.003156863311));
#1282 = CARTESIAN_POINT('',(1.203997048181,7.910371551084,
    12.145396793861));
#1283 = CARTESIAN_POINT('',(0.917924398085,7.948310447283,
    12.382056671795));
#1284 = CARTESIAN_POINT('',(0.761710760421,7.966401170069,
    12.484171412471));
#1285 = CARTESIAN_POINT('',(0.585491478986,7.98300484749,12.569281187235
    ));
#1286 = CARTESIAN_POINT('',(0.393558374239,7.995966444385,
    12.631187179163));
#1287 = CARTESIAN_POINT('',(0.191612581144,8.003395902433,
    12.665843706327));
#1288 = CARTESIAN_POINT('',(-1.39581847119E-02,8.004444981027,
    12.671328085755));
#1289 = CARTESIAN_POINT('',(-0.216612375741,7.999419217366,
    12.647902582633));
#1290 = CARTESIAN_POINT('',(-0.608235105851,7.979305515041,
    12.547350955812));
#1291 = CARTESIAN_POINT('',(-0.790682514503,7.964317887856,
    12.470655077198));
#1292 = CARTESIAN_POINT('',(-0.95550695693,7.946126032373,
    12.372987883197));
#1293 = CARTESIAN_POINT('',(-1.101523775887,7.926466477015,
    12.258569506155));
#1294 = CARTESIAN_POINT('',(-1.228183961262,7.906895643863,
    12.131132017036));
#1295 = CARTESIAN_POINT('',(-1.335396420577,7.888659556535,
    11.994025037189));
#1296 = CARTESIAN_POINT('',(-1.423450647391,7.872661228186,
    11.850260577633));
#1297 = CARTESIAN_POINT('',(-1.571142612281,7.844605995553,
    11.536399175935));
#1298 = CARTESIAN_POINT('',(-1.627376475791,7.833003196167,
    11.362053224928));
#1299 = CARTESIAN_POINT('',(-1.661265348511,7.82562158434,
    11.182350040095));
#1300 = CARTESIAN_POINT('',(-1.67258555589,7.823088876778,11.));
#1301 = CARTESIAN_POINT('',(-1.661265348511,7.82562158434,
    10.817649959905));
#1302 = CARTESIAN_POINT('',(-1.627376475791,7.833003196167,
    10.637946775072));
#1303 = CARTESIAN_POINT('',(-1.571142612281,7.844605995553,
    10.463600824065));
#1304 = CARTESIAN_POINT('',(-1.427811209709,7.8718329056,10.159006088988
    ));
#1305 = CARTESIAN_POINT('',(-1.346508343213,7.886637327761,
    10.024319821315));
#1306 = CARTESIAN_POINT('',(-1.2485907527,7.903408242281,9.895436432868)
  );
#1307 = CARTESIAN_POINT('',(-1.133770294246,7.921437200519,
    9.774662546071));
#1308 = CARTESIAN_POINT('',(-1.001991137976,7.93976301451,9.664609808889
    ));
#1309 = CARTESIAN_POINT('',(-0.853503078024,7.95717771189,9.568240805659
    ));
#1310 = CARTESIAN_POINT('',(-0.689000939202,7.972295377322,
    9.488957305877));
#1311 = CARTESIAN_POINT('',(-0.337915916603,7.994717281817,
    9.374882866982));
#1312 = CARTESIAN_POINT('',(-0.154778641132,8.002163010007,
    9.339187758713));
#1313 = CARTESIAN_POINT('',(3.46343285796E-02,8.004815648558,
    9.327287547247));
#1314 = CARTESIAN_POINT('',(0.224698965826,8.001963777502,9.340672705054
    ));
#1315 = CARTESIAN_POINT('',(0.409631791893,7.993797376958,9.37881771416)
  );
#1316 = CARTESIAN_POINT('',(0.583982422164,7.981480447496,9.439236143913
    ));
#1317 = CARTESIAN_POINT('',(0.743208962027,7.966664309161,9.517437732344
    ));
#1318 = CARTESIAN_POINT('',(1.08025778356,7.929186030697,9.731335418703)
  );
#1319 = CARTESIAN_POINT('',(1.246614075634,7.905089533435,9.881179288451
    ));
#1320 = CARTESIAN_POINT('',(1.383171456147,7.88162354922,10.048677613289
    ));
#1321 = CARTESIAN_POINT('',(1.490849610263,7.861019401716,
    10.228420636495));
#1322 = CARTESIAN_POINT('',(1.570675819667,7.84471406389,10.416320153068
    ));
#1323 = CARTESIAN_POINT('',(1.623542400271,7.833571558075,
    10.609215397705));
#1324 = CARTESIAN_POINT('',(1.65,7.827994634643,10.804556726258));
#1325 = CARTESIAN_POINT('',(1.65,7.827994634643,11.));
#1326 = PCURVE('',#515,#1327);
#1327 = DEFINITIONAL_REPRESENTATION('',(#1328),#1380);
#1328 = B_SPLINE_CURVE_WITH_KNOTS('',8,(#1329,#1330,#1331,#1332,#1333,
    #1334,#1335,#1336,#1337,#1338,#1339,#1340,#1341,#1342,#1343,#1344,
    #1345,#1346,#1347,#1348,#1349,#1350,#1351,#1352,#1353,#1354,#1355,
    #1356,#1357,#1358,#1359,#1360,#1361,#1362,#1363,#1364,#1365,#1366,
    #1367,#1368,#1369,#1370,#1371,#1372,#1373,#1374,#1375,#1376,#1377,
    #1378,#1379),.UNSPECIFIED.,.F.,.F.,(9,7,7,7,7,7,7,9),(0.,
    0.152415941347,0.286389216599,0.423246891171,0.577162039551,
    0.705434731076,0.828579480785,1.),.UNSPECIFIED.);
#1329 = CARTESIAN_POINT('',(-1.363055324746,-5.));
#1330 = CARTESIAN_POINT('',(-1.363055324746,-5.171914143565));
#1331 = CARTESIAN_POINT('',(-1.365670323764,-5.345096243585));
#1332 = CARTESIAN_POINT('',(-1.370968134617,-5.517256582338));
#1333 = CARTESIAN_POINT('',(-1.378994853563,-5.686033924247));
#1334 = CARTESIAN_POINT('',(-1.389783634015,-5.848927721975));
#1335 = CARTESIAN_POINT('',(-1.403361376812,-6.003156863311));
#1336 = CARTESIAN_POINT('',(-1.419748372962,-6.145396793861));
#1337 = CARTESIAN_POINT('',(-1.455820549085,-6.382056671795));
#1338 = CARTESIAN_POINT('',(-1.475475052453,-6.484171412471));
#1339 = CARTESIAN_POINT('',(-1.497591515829,-6.569281187236));
#1340 = CARTESIAN_POINT('',(-1.521619841309,-6.631187179162));
#1341 = CARTESIAN_POINT('',(-1.54685522369,-6.665843706328));
#1342 = CARTESIAN_POINT('',(-1.572532836854,-6.671328085755));
#1343 = CARTESIAN_POINT('',(-1.597863473658,-6.647902582633));
#1344 = CARTESIAN_POINT('',(-1.646880837253,-6.547350955812));
#1345 = CARTESIAN_POINT('',(-1.66975281686,-6.470655077198));
#1346 = CARTESIAN_POINT('',(-1.69046863658,-6.372987883197));
#1347 = CARTESIAN_POINT('',(-1.708877154263,-6.258569506155));
#1348 = CARTESIAN_POINT('',(-1.724893737695,-6.131132017036));
#1349 = CARTESIAN_POINT('',(-1.73848622293,-5.994025037189));
#1350 = CARTESIAN_POINT('',(-1.749672859874,-5.850260577633));
#1351 = CARTESIAN_POINT('',(-1.768464485574,-5.536399175935));
#1352 = CARTESIAN_POINT('',(-1.775640885677,-5.362053224928));
#1353 = CARTESIAN_POINT('',(-1.779976306884,-5.182350040095));
#1354 = CARTESIAN_POINT('',(-1.781426479449,-5.));
#1355 = CARTESIAN_POINT('',(-1.779976306884,-4.817649959905));
#1356 = CARTESIAN_POINT('',(-1.775640885677,-4.637946775072));
#1357 = CARTESIAN_POINT('',(-1.768464485574,-4.463600824065));
#1358 = CARTESIAN_POINT('',(-1.750227677159,-4.159006088988));
#1359 = CARTESIAN_POINT('',(-1.739897994127,-4.024319821315));
#1360 = CARTESIAN_POINT('',(-1.72748128507,-3.895436432868));
#1361 = CARTESIAN_POINT('',(-1.712955807372,-3.774662546071));
#1362 = CARTESIAN_POINT('',(-1.696330953372,-3.664609808889));
#1363 = CARTESIAN_POINT('',(-1.677651675802,-3.568240805659));
#1364 = CARTESIAN_POINT('',(-1.657010288131,-3.488957305877));
#1365 = CARTESIAN_POINT('',(-1.613035253507,-3.374882866982));
#1366 = CARTESIAN_POINT('',(-1.590130331047,-3.339187758712));
#1367 = CARTESIAN_POINT('',(-1.566465406998,-3.327287547248));
#1368 = CARTESIAN_POINT('',(-1.542724811007,-3.340672705053));
#1369 = CARTESIAN_POINT('',(-1.519602648598,-3.378817714161));
#1370 = CARTESIAN_POINT('',(-1.497763618671,-3.439236143913));
#1371 = CARTESIAN_POINT('',(-1.477777555503,-3.517437732344));
#1372 = CARTESIAN_POINT('',(-1.435386789731,-3.731335418703));
#1373 = CARTESIAN_POINT('',(-1.414386761174,-3.881179288451));
#1374 = CARTESIAN_POINT('',(-1.397074557151,-4.048677613289));
#1375 = CARTESIAN_POINT('',(-1.383372722541,-4.228420636494));
#1376 = CARTESIAN_POINT('',(-1.373188740939,-4.416320153068));
#1377 = CARTESIAN_POINT('',(-1.366435190131,-4.609215397705));
#1378 = CARTESIAN_POINT('',(-1.363055324746,-4.804556726258));
#1379 = CARTESIAN_POINT('',(-1.363055324746,-5.));
#1380 = ( GEOMETRIC_REPRESENTATION_CONTEXT(2) 
PARAMETRIC_REPRESENTATION_CONTEXT() REPRESENTATION_CONTEXT('2D SPACE',''
  ) );
#1381 = PCURVE('',#1382,#1387);
#1382 = CYLINDRICAL_SURFACE('',#1383,1.65);
#1383 = AXIS2_PLACEMENT_3D('',#1384,#1385,#1386);
#1384 = CARTESIAN_POINT('',(0.,0.,11.));
#1385 = DIRECTION('',(0.,-1.,0.));
#1386 = DIRECTION('',(1.,0.,0.));
#1387 = DEFINITIONAL_REPRESENTATION('',(#1388),#1440);
#1388 = B_SPLINE_CURVE_WITH_KNOTS('',8,(#1389,#1390,#1391,#1392,#1393,
    #1394,#1395,#1396,#1397,#1398,#1399,#1400,#1401,#1402,#1403,#1404,
    #1405,#1406,#1407,#1408,#1409,#1410,#1411,#1412,#1413,#1414,#1415,
    #1416,#1417,#1418,#1419,#1420,#1421,#1422,#1423,#1424,#1425,#1426,
    #1427,#1428,#1429,#1430,#1431,#1432,#1433,#1434,#1435,#1436,#1437,
    #1438,#1439),.UNSPECIFIED.,.F.,.F.,(9,7,7,7,7,7,7,9),(0.,
    0.152415941347,0.286389216599,0.423246891171,0.577162039551,
    0.705434731076,0.828579480785,1.),.UNSPECIFIED.);
#1389 = CARTESIAN_POINT('',(0.,-7.827994634643));
#1390 = CARTESIAN_POINT('',(0.10419039004,-7.827994634643));
#1391 = CARTESIAN_POINT('',(0.20914862104,-7.832309184011));
#1392 = CARTESIAN_POINT('',(0.315214066364,-7.84105138212));
#1393 = CARTESIAN_POINT('',(0.422777321359,-7.853994333815));
#1394 = CARTESIAN_POINT('',(0.532330374618,-7.870558899604));
#1395 = CARTESIAN_POINT('',(0.64446201347,-7.889795983203));
#1396 = CARTESIAN_POINT('',(0.759893048642,-7.910371551084));
#1397 = CARTESIAN_POINT('',(0.984908472219,-7.948310447283));
#1398 = CARTESIAN_POINT('',(1.097305671162,-7.966401170069));
#1399 = CARTESIAN_POINT('',(1.214251512789,-7.98300484749));
#1400 = CARTESIAN_POINT('',(1.334144004961,-7.995966444385));
#1401 = CARTESIAN_POINT('',(1.455852360422,-8.003395902433));
#1402 = CARTESIAN_POINT('',(1.578412755727,-8.004444981027));
#1403 = CARTESIAN_POINT('',(1.700905795022,-7.999419217366));
#1404 = CARTESIAN_POINT('',(1.945951464494,-7.979305515041));
#1405 = CARTESIAN_POINT('',(2.064612077911,-7.964317887856));
#1406 = CARTESIAN_POINT('',(2.17897809899,-7.946126032373));
#1407 = CARTESIAN_POINT('',(2.28961083394,-7.926466477015));
#1408 = CARTESIAN_POINT('',(2.396932079294,-7.906895643863));
#1409 = CARTESIAN_POINT('',(2.501263256087,-7.888659556535));
#1410 = CARTESIAN_POINT('',(2.60282243114,-7.872661228186));
#1411 = CARTESIAN_POINT('',(2.813049380935,-7.844605995553));
#1412 = CARTESIAN_POINT('',(2.923168254013,-7.833003196167));
#1413 = CARTESIAN_POINT('',(3.032558607622,-7.82562158434));
#1414 = CARTESIAN_POINT('',(3.14159265359,-7.823088876778));
#1415 = CARTESIAN_POINT('',(3.250626699557,-7.82562158434));
#1416 = CARTESIAN_POINT('',(3.360017053166,-7.833003196167));
#1417 = CARTESIAN_POINT('',(3.470135926245,-7.844605995553));
#1418 = CARTESIAN_POINT('',(3.674155986477,-7.8718329056));
#1419 = CARTESIAN_POINT('',(3.768994930613,-7.886637327761));
#1420 = CARTESIAN_POINT('',(3.866156276075,-7.903408242281));
#1421 = CARTESIAN_POINT('',(3.965890885005,-7.921437200519));
#1422 = CARTESIAN_POINT('',(4.06851516548,-7.93976301451));
#1423 = CARTESIAN_POINT('',(4.17441616766,-7.95717771189));
#1424 = CARTESIAN_POINT('',(4.284083677904,-7.972295377322));
#1425 = CARTESIAN_POINT('',(4.507812549879,-7.994717281817));
#1426 = CARTESIAN_POINT('',(4.620057756163,-8.002163010007));
#1427 = CARTESIAN_POINT('',(4.733467874523,-8.004815648558));
#1428 = CARTESIAN_POINT('',(4.846941710692,-8.001963777502));
#1429 = CARTESIAN_POINT('',(4.95944574854,-7.993797376958));
#1430 = CARTESIAN_POINT('',(5.069859483312,-7.981480447496));
#1431 = CARTESIAN_POINT('',(5.176733532508,-7.966664309161));
#1432 = CARTESIAN_POINT('',(5.418667983425,-7.929186030697));
#1433 = CARTESIAN_POINT('',(5.552455993037,-7.905089533435));
#1434 = CARTESIAN_POINT('',(5.680978666747,-7.88162354922));
#1435 = CARTESIAN_POINT('',(5.805438956559,-7.861019401716));
#1436 = CARTESIAN_POINT('',(5.926909059808,-7.84471406389));
#1437 = CARTESIAN_POINT('',(6.046345816747,-7.833571558075));
#1438 = CARTESIAN_POINT('',(6.164734838245,-7.827994634643));
#1439 = CARTESIAN_POINT('',(6.28318530718,-7.827994634643));
#1440 = ( GEOMETRIC_REPRESENTATION_CONTEXT(2) 
PARAMETRIC_REPRESENTATION_CONTEXT() REPRESENTATION_CONTEXT('2D SPACE',''
  ) );
#1441 = ADVANCED_FACE('',(#1442),#602,.F.);
#1442 = FACE_BOUND('',#1443,.F.);
#1443 = EDGE_LOOP('',(#1444));
#1444 = ORIENTED_EDGE('',*,*,#587,.T.);
#1445 = ADVANCED_FACE('',(#1446),#657,.F.);
#1446 = FACE_BOUND('',#1447,.F.);
#1447 = EDGE_LOOP('',(#1448));
#1448 = ORIENTED_EDGE('',*,*,#642,.T.);
#1449 = ADVANCED_FACE('',(#1450),#712,.F.);
#1450 = FACE_BOUND('',#1451,.F.);
#1451 = EDGE_LOOP('',(#1452));
#1452 = ORIENTED_EDGE('',*,*,#697,.T.);
#1453 = ADVANCED_FACE('',(#1454),#767,.F.);
#1454 = FACE_BOUND('',#1455,.F.);
#1455 = EDGE_LOOP('',(#1456));
#1456 = ORIENTED_EDGE('',*,*,#752,.T.);
#1457 = ADVANCED_FACE('',(#1458,#1461,#1464),#823,.T.);
#1458 = FACE_BOUND('',#1459,.T.);
#1459 = EDGE_LOOP('',(#1460));
#1460 = ORIENTED_EDGE('',*,*,#1245,.T.);
#1461 = FACE_BOUND('',#1462,.T.);
#1462 = EDGE_LOOP('',(#1463));
#1463 = ORIENTED_EDGE('',*,*,#808,.F.);
#1464 = FACE_BOUND('',#1465,.T.);
#1465 = EDGE_LOOP('',(#1466,#1496,#1524,#1552));
#1466 = ORIENTED_EDGE('',*,*,#1467,.F.);
#1467 = EDGE_CURVE('',#1468,#1470,#1472,.T.);
#1468 = VERTEX_POINT('',#1469);
#1469 = CARTESIAN_POINT('',(-2.85,4.175,16.));
#1470 = VERTEX_POINT('',#1471);
#1471 = CARTESIAN_POINT('',(2.85,4.175,16.));
#1472 = SURFACE_CURVE('',#1473,(#1477,#1484),.PCURVE_S1.);
#1473 = LINE('',#1474,#1475);
#1474 = CARTESIAN_POINT('',(-2.85,4.175,16.));
#1475 = VECTOR('',#1476,1.);
#1476 = DIRECTION('',(1.,0.,0.));
#1477 = PCURVE('',#823,#1478);
#1478 = DEFINITIONAL_REPRESENTATION('',(#1479),#1483);
#1479 = LINE('',#1480,#1481);
#1480 = CARTESIAN_POINT('',(-2.85,4.175));
#1481 = VECTOR('',#1482,1.);
#1482 = DIRECTION('',(1.,0.));
#1483 = ( GEOMETRIC_REPRESENTATION_CONTEXT(2) 
PARAMETRIC_REPRESENTATION_CONTEXT() REPRESENTATION_CONTEXT('2D SPACE',''
  ) );
#1484 = PCURVE('',#1485,#1490);
#1485 = PLANE('',#1486);
#1486 = AXIS2_PLACEMENT_3D('',#1487,#1488,#1489);
#1487 = CARTESIAN_POINT('',(-2.85,4.175,8.15));
#1488 = DIRECTION('',(0.,1.,0.));
#1489 = DIRECTION('',(1.,0.,0.));
#1490 = DEFINITIONAL_REPRESENTATION('',(#1491),#1495);
#1491 = LINE('',#1492,#1493);
#1492 = CARTESIAN_POINT('',(0.,-7.85));
#1493 = VECTOR('',#1494,1.);
#1494 = DIRECTION('',(1.,0.));
#1495 = ( GEOMETRIC_REPRESENTATION_CONTEXT(2) 
PARAMETRIC_REPRESENTATION_CONTEXT() REPRESENTATION_CONTEXT('2D SPACE',''
  ) );
#1496 = ORIENTED_EDGE('',*,*,#1497,.F.);
#1497 = EDGE_CURVE('',#1498,#1468,#1500,.T.);
#1498 = VERTEX_POINT('',#1499);
#1499 = CARTESIAN_POINT('',(-2.85,6.875,16.));
#1500 = SURFACE_CURVE('',#1501,(#1505,#1512),.PCURVE_S1.);
#1501 = LINE('',#1502,#1503);
#1502 = CARTESIAN_POINT('',(-2.85,6.875,16.));
#1503 = VECTOR('',#1504,1.);
#1504 = DIRECTION('',(0.,-1.,0.));
#1505 = PCURVE('',#823,#1506);
#1506 = DEFINITIONAL_REPRESENTATION('',(#1507),#1511);
#1507 = LINE('',#1508,#1509);
#1508 = CARTESIAN_POINT('',(-2.85,6.875));
#1509 = VECTOR('',#1510,1.);
#1510 = DIRECTION('',(0.,-1.));
#1511 = ( GEOMETRIC_REPRESENTATION_CONTEXT(2) 
PARAMETRIC_REPRESENTATION_CONTEXT() REPRESENTATION_CONTEXT('2D SPACE',''
  ) );
#1512 = PCURVE('',#1513,#1518);
#1513 = PLANE('',#1514);
#1514 = AXIS2_PLACEMENT_3D('',#1515,#1516,#1517);
#1515 = CARTESIAN_POINT('',(-2.85,6.875,8.15));
#1516 = DIRECTION('',(1.,0.,-0.));
#1517 = DIRECTION('',(0.,-1.,0.));
#1518 = DEFINITIONAL_REPRESENTATION('',(#1519),#1523);
#1519 = LINE('',#1520,#1521);
#1520 = CARTESIAN_POINT('',(0.,-7.85));
#1521 = VECTOR('',#1522,1.);
#1522 = DIRECTION('',(1.,0.));
#1523 = ( GEOMETRIC_REPRESENTATION_CONTEXT(2) 
PARAMETRIC_REPRESENTATION_CONTEXT() REPRESENTATION_CONTEXT('2D SPACE',''
  ) );
#1524 = ORIENTED_EDGE('',*,*,#1525,.F.);
#1525 = EDGE_CURVE('',#1526,#1498,#1528,.T.);
#1526 = VERTEX_POINT('',#1527);
#1527 = CARTESIAN_POINT('',(2.85,6.875,16.));
#1528 = SURFACE_CURVE('',#1529,(#1533,#1540),.PCURVE_S1.);
#1529 = LINE('',#1530,#1531);
#1530 = CARTESIAN_POINT('',(2.85,6.875,16.));
#1531 = VECTOR('',#1532,1.);
#1532 = DIRECTION('',(-1.,0.,0.));
#1533 = PCURVE('',#823,#1534);
#1534 = DEFINITIONAL_REPRESENTATION('',(#1535),#1539);
#1535 = LINE('',#1536,#1537);
#1536 = CARTESIAN_POINT('',(2.85,6.875));
#1537 = VECTOR('',#1538,1.);
#1538 = DIRECTION('',(-1.,0.));
#1539 = ( GEOMETRIC_REPRESENTATION_CONTEXT(2) 
PARAMETRIC_REPRESENTATION_CONTEXT() REPRESENTATION_CONTEXT('2D SPACE',''
  ) );
#1540 = PCURVE('',#1541,#1546);
#1541 = PLANE('',#1542);
#1542 = AXIS2_PLACEMENT_3D('',#1543,#1544,#1545);
#1543 = CARTESIAN_POINT('',(2.85,6.875,8.15));
#1544 = DIRECTION('',(0.,-1.,0.));
#1545 = DIRECTION('',(-1.,0.,0.));
#1546 = DEFINITIONAL_REPRESENTATION('',(#1547),#1551);
#1547 = LINE('',#1548,#1549);
#1548 = CARTESIAN_POINT('',(0.,-7.85));
#1549 = VECTOR('',#1550,1.);
#1550 = DIRECTION('',(1.,0.));
#1551 = ( GEOMETRIC_REPRESENTATION_CONTEXT(2) 
PARAMETRIC_REPRESENTATION_CONTEXT() REPRESENTATION_CONTEXT('2D SPACE',''
  ) );
#1552 = ORIENTED_EDGE('',*,*,#1553,.F.);
#1553 = EDGE_CURVE('',#1470,#1526,#1554,.T.);
#1554 = SURFACE_CURVE('',#1555,(#1559,#1566),.PCURVE_S1.);
#1555 = LINE('',#1556,#1557);
#1556 = CARTESIAN_POINT('',(2.85,4.175,16.));
#1557 = VECTOR('',#1558,1.);
#1558 = DIRECTION('',(0.,1.,0.));
#1559 = PCURVE('',#823,#1560);
#1560 = DEFINITIONAL_REPRESENTATION('',(#1561),#1565);
#1561 = LINE('',#1562,#1563);
#1562 = CARTESIAN_POINT('',(2.85,4.175));
#1563 = VECTOR('',#1564,1.);
#1564 = DIRECTION('',(0.,1.));
#1565 = ( GEOMETRIC_REPRESENTATION_CONTEXT(2) 
PARAMETRIC_REPRESENTATION_CONTEXT() REPRESENTATION_CONTEXT('2D SPACE',''
  ) );
#1566 = PCURVE('',#1567,#1572);
#1567 = PLANE('',#1568);
#1568 = AXIS2_PLACEMENT_3D('',#1569,#1570,#1571);
#1569 = CARTESIAN_POINT('',(2.85,4.175,8.15));
#1570 = DIRECTION('',(-1.,0.,0.));
#1571 = DIRECTION('',(0.,1.,0.));
#1572 = DEFINITIONAL_REPRESENTATION('',(#1573),#1577);
#1573 = LINE('',#1574,#1575);
#1574 = CARTESIAN_POINT('',(0.,-7.85));
#1575 = VECTOR('',#1576,1.);
#1576 = DIRECTION('',(1.,0.));
#1577 = ( GEOMETRIC_REPRESENTATION_CONTEXT(2) 
PARAMETRIC_REPRESENTATION_CONTEXT() REPRESENTATION_CONTEXT('2D SPACE',''
  ) );
#1578 = ADVANCED_FACE('',(#1579),#1052,.F.);
#1579 = FACE_BOUND('',#1580,.F.);
#1580 = EDGE_LOOP('',(#1581,#1604,#1605,#1606));
#1581 = ORIENTED_EDGE('',*,*,#1582,.F.);
#1582 = EDGE_CURVE('',#839,#1583,#1585,.T.);
#1583 = VERTEX_POINT('',#1584);
#1584 = CARTESIAN_POINT('',(1.65,4.175,11.));
#1585 = SEAM_CURVE('',#1586,(#1590,#1597),.PCURVE_S1.);
#1586 = LINE('',#1587,#1588);
#1587 = CARTESIAN_POINT('',(1.65,0.,11.));
#1588 = VECTOR('',#1589,1.);
#1589 = DIRECTION('',(-0.,1.,-0.));
#1590 = PCURVE('',#1052,#1591);
#1591 = DEFINITIONAL_REPRESENTATION('',(#1592),#1596);
#1592 = LINE('',#1593,#1594);
#1593 = CARTESIAN_POINT('',(6.28318530718,0.));
#1594 = VECTOR('',#1595,1.);
#1595 = DIRECTION('',(0.,-1.));
#1596 = ( GEOMETRIC_REPRESENTATION_CONTEXT(2) 
PARAMETRIC_REPRESENTATION_CONTEXT() REPRESENTATION_CONTEXT('2D SPACE',''
  ) );
#1597 = PCURVE('',#1052,#1598);
#1598 = DEFINITIONAL_REPRESENTATION('',(#1599),#1603);
#1599 = LINE('',#1600,#1601);
#1600 = CARTESIAN_POINT('',(0.,0.));
#1601 = VECTOR('',#1602,1.);
#1602 = DIRECTION('',(0.,-1.));
#1603 = ( GEOMETRIC_REPRESENTATION_CONTEXT(2) 
PARAMETRIC_REPRESENTATION_CONTEXT() REPRESENTATION_CONTEXT('2D SPACE',''
  ) );
#1604 = ORIENTED_EDGE('',*,*,#838,.F.);
#1605 = ORIENTED_EDGE('',*,*,#1582,.T.);
#1606 = ORIENTED_EDGE('',*,*,#1607,.T.);
#1607 = EDGE_CURVE('',#1583,#1583,#1608,.T.);
#1608 = SURFACE_CURVE('',#1609,(#1614,#1621),.PCURVE_S1.);
#1609 = CIRCLE('',#1610,1.65);
#1610 = AXIS2_PLACEMENT_3D('',#1611,#1612,#1613);
#1611 = CARTESIAN_POINT('',(0.,4.175,11.));
#1612 = DIRECTION('',(0.,-1.,0.));
#1613 = DIRECTION('',(1.,0.,0.));
#1614 = PCURVE('',#1052,#1615);
#1615 = DEFINITIONAL_REPRESENTATION('',(#1616),#1620);
#1616 = LINE('',#1617,#1618);
#1617 = CARTESIAN_POINT('',(0.,-4.175));
#1618 = VECTOR('',#1619,1.);
#1619 = DIRECTION('',(1.,0.));
#1620 = ( GEOMETRIC_REPRESENTATION_CONTEXT(2) 
PARAMETRIC_REPRESENTATION_CONTEXT() REPRESENTATION_CONTEXT('2D SPACE',''
  ) );
#1621 = PCURVE('',#1485,#1622);
#1622 = DEFINITIONAL_REPRESENTATION('',(#1623),#1631);
#1623 = ( BOUNDED_CURVE() B_SPLINE_CURVE(2,(#1624,#1625,#1626,#1627,
#1628,#1629,#1630),.UNSPECIFIED.,.T.,.F.) B_SPLINE_CURVE_WITH_KNOTS((1,2
    ,2,2,2,1),(-2.094395102393,0.,2.094395102393,4.188790204786,
6.28318530718,8.377580409573),.UNSPECIFIED.) CURVE() 
GEOMETRIC_REPRESENTATION_ITEM() RATIONAL_B_SPLINE_CURVE((1.,0.5,1.,0.5,
1.,0.5,1.)) REPRESENTATION_ITEM('') );
#1624 = CARTESIAN_POINT('',(4.5,-2.85));
#1625 = CARTESIAN_POINT('',(4.5,-5.707883832489));
#1626 = CARTESIAN_POINT('',(2.025,-4.278941916244));
#1627 = CARTESIAN_POINT('',(-0.45,-2.85));
#1628 = CARTESIAN_POINT('',(2.025,-1.421058083756));
#1629 = CARTESIAN_POINT('',(4.5,7.883832488648E-03));
#1630 = CARTESIAN_POINT('',(4.5,-2.85));
#1631 = ( GEOMETRIC_REPRESENTATION_CONTEXT(2) 
PARAMETRIC_REPRESENTATION_CONTEXT() REPRESENTATION_CONTEXT('2D SPACE',''
  ) );
#1632 = ADVANCED_FACE('',(#1633),#1204,.F.);
#1633 = FACE_BOUND('',#1634,.F.);
#1634 = EDGE_LOOP('',(#1635));
#1635 = ORIENTED_EDGE('',*,*,#1189,.T.);
#1636 = ADVANCED_FACE('',(#1637),#1382,.F.);
#1637 = FACE_BOUND('',#1638,.F.);
#1638 = EDGE_LOOP('',(#1639,#1663,#1684,#1685));
#1639 = ORIENTED_EDGE('',*,*,#1640,.F.);
#1640 = EDGE_CURVE('',#1641,#1641,#1643,.T.);
#1641 = VERTEX_POINT('',#1642);
#1642 = CARTESIAN_POINT('',(1.65,6.875,11.));
#1643 = SURFACE_CURVE('',#1644,(#1649,#1656),.PCURVE_S1.);
#1644 = CIRCLE('',#1645,1.65);
#1645 = AXIS2_PLACEMENT_3D('',#1646,#1647,#1648);
#1646 = CARTESIAN_POINT('',(0.,6.875,11.));
#1647 = DIRECTION('',(0.,-1.,0.));
#1648 = DIRECTION('',(1.,0.,0.));
#1649 = PCURVE('',#1382,#1650);
#1650 = DEFINITIONAL_REPRESENTATION('',(#1651),#1655);
#1651 = LINE('',#1652,#1653);
#1652 = CARTESIAN_POINT('',(0.,-6.875));
#1653 = VECTOR('',#1654,1.);
#1654 = DIRECTION('',(1.,0.));
#1655 = ( GEOMETRIC_REPRESENTATION_CONTEXT(2) 
PARAMETRIC_REPRESENTATION_CONTEXT() REPRESENTATION_CONTEXT('2D SPACE',''
  ) );
#1656 = PCURVE('',#1541,#1657);
#1657 = DEFINITIONAL_REPRESENTATION('',(#1658),#1662);
#1658 = CIRCLE('',#1659,1.65);
#1659 = AXIS2_PLACEMENT_2D('',#1660,#1661);
#1660 = CARTESIAN_POINT('',(2.85,-2.85));
#1661 = DIRECTION('',(-1.,-0.));
#1662 = ( GEOMETRIC_REPRESENTATION_CONTEXT(2) 
PARAMETRIC_REPRESENTATION_CONTEXT() REPRESENTATION_CONTEXT('2D SPACE',''
  ) );
#1663 = ORIENTED_EDGE('',*,*,#1664,.T.);
#1664 = EDGE_CURVE('',#1641,#1271,#1665,.T.);
#1665 = SEAM_CURVE('',#1666,(#1670,#1677),.PCURVE_S1.);
#1666 = LINE('',#1667,#1668);
#1667 = CARTESIAN_POINT('',(1.65,0.,11.));
#1668 = VECTOR('',#1669,1.);
#1669 = DIRECTION('',(-0.,1.,-0.));
#1670 = PCURVE('',#1382,#1671);
#1671 = DEFINITIONAL_REPRESENTATION('',(#1672),#1676);
#1672 = LINE('',#1673,#1674);
#1673 = CARTESIAN_POINT('',(6.28318530718,0.));
#1674 = VECTOR('',#1675,1.);
#1675 = DIRECTION('',(0.,-1.));
#1676 = ( GEOMETRIC_REPRESENTATION_CONTEXT(2) 
PARAMETRIC_REPRESENTATION_CONTEXT() REPRESENTATION_CONTEXT('2D SPACE',''
  ) );
#1677 = PCURVE('',#1382,#1678);
#1678 = DEFINITIONAL_REPRESENTATION('',(#1679),#1683);
#1679 = LINE('',#1680,#1681);
#1680 = CARTESIAN_POINT('',(0.,0.));
#1681 = VECTOR('',#1682,1.);
#1682 = DIRECTION('',(0.,-1.));
#1683 = ( GEOMETRIC_REPRESENTATION_CONTEXT(2) 
PARAMETRIC_REPRESENTATION_CONTEXT() REPRESENTATION_CONTEXT('2D SPACE',''
  ) );
#1684 = ORIENTED_EDGE('',*,*,#1270,.T.);
#1685 = ORIENTED_EDGE('',*,*,#1664,.F.);
#1686 = ADVANCED_FACE('',(#1687,#1762),#1485,.T.);
#1687 = FACE_BOUND('',#1688,.T.);
#1688 = EDGE_LOOP('',(#1689,#1712,#1713,#1736));
#1689 = ORIENTED_EDGE('',*,*,#1690,.T.);
#1690 = EDGE_CURVE('',#1691,#1468,#1693,.T.);
#1691 = VERTEX_POINT('',#1692);
#1692 = CARTESIAN_POINT('',(-2.85,4.175,8.15));
#1693 = SURFACE_CURVE('',#1694,(#1698,#1705),.PCURVE_S1.);
#1694 = LINE('',#1695,#1696);
#1695 = CARTESIAN_POINT('',(-2.85,4.175,8.15));
#1696 = VECTOR('',#1697,1.);
#1697 = DIRECTION('',(0.,0.,1.));
#1698 = PCURVE('',#1485,#1699);
#1699 = DEFINITIONAL_REPRESENTATION('',(#1700),#1704);
#1700 = LINE('',#1701,#1702);
#1701 = CARTESIAN_POINT('',(0.,0.));
#1702 = VECTOR('',#1703,1.);
#1703 = DIRECTION('',(0.,-1.));
#1704 = ( GEOMETRIC_REPRESENTATION_CONTEXT(2) 
PARAMETRIC_REPRESENTATION_CONTEXT() REPRESENTATION_CONTEXT('2D SPACE',''
  ) );
#1705 = PCURVE('',#1513,#1706);
#1706 = DEFINITIONAL_REPRESENTATION('',(#1707),#1711);
#1707 = LINE('',#1708,#1709);
#1708 = CARTESIAN_POINT('',(2.7,0.));
#1709 = VECTOR('',#1710,1.);
#1710 = DIRECTION('',(0.,-1.));
#1711 = ( GEOMETRIC_REPRESENTATION_CONTEXT(2) 
PARAMETRIC_REPRESENTATION_CONTEXT() REPRESENTATION_CONTEXT('2D SPACE',''
  ) );
#1712 = ORIENTED_EDGE('',*,*,#1467,.T.);
#1713 = ORIENTED_EDGE('',*,*,#1714,.F.);
#1714 = EDGE_CURVE('',#1715,#1470,#1717,.T.);
#1715 = VERTEX_POINT('',#1716);
#1716 = CARTESIAN_POINT('',(2.85,4.175,8.15));
#1717 = SURFACE_CURVE('',#1718,(#1722,#1729),.PCURVE_S1.);
#1718 = LINE('',#1719,#1720);
#1719 = CARTESIAN_POINT('',(2.85,4.175,8.15));
#1720 = VECTOR('',#1721,1.);
#1721 = DIRECTION('',(0.,0.,1.));
#1722 = PCURVE('',#1485,#1723);
#1723 = DEFINITIONAL_REPRESENTATION('',(#1724),#1728);
#1724 = LINE('',#1725,#1726);
#1725 = CARTESIAN_POINT('',(5.7,0.));
#1726 = VECTOR('',#1727,1.);
#1727 = DIRECTION('',(0.,-1.));
#1728 = ( GEOMETRIC_REPRESENTATION_CONTEXT(2) 
PARAMETRIC_REPRESENTATION_CONTEXT() REPRESENTATION_CONTEXT('2D SPACE',''
  ) );
#1729 = PCURVE('',#1567,#1730);
#1730 = DEFINITIONAL_REPRESENTATION('',(#1731),#1735);
#1731 = LINE('',#1732,#1733);
#1732 = CARTESIAN_POINT('',(0.,0.));
#1733 = VECTOR('',#1734,1.);
#1734 = DIRECTION('',(0.,-1.));
#1735 = ( GEOMETRIC_REPRESENTATION_CONTEXT(2) 
PARAMETRIC_REPRESENTATION_CONTEXT() REPRESENTATION_CONTEXT('2D SPACE',''
  ) );
#1736 = ORIENTED_EDGE('',*,*,#1737,.F.);
#1737 = EDGE_CURVE('',#1691,#1715,#1738,.T.);
#1738 = SURFACE_CURVE('',#1739,(#1743,#1750),.PCURVE_S1.);
#1739 = LINE('',#1740,#1741);
#1740 = CARTESIAN_POINT('',(-2.85,4.175,8.15));
#1741 = VECTOR('',#1742,1.);
#1742 = DIRECTION('',(1.,0.,0.));
#1743 = PCURVE('',#1485,#1744);
#1744 = DEFINITIONAL_REPRESENTATION('',(#1745),#1749);
#1745 = LINE('',#1746,#1747);
#1746 = CARTESIAN_POINT('',(0.,0.));
#1747 = VECTOR('',#1748,1.);
#1748 = DIRECTION('',(1.,0.));
#1749 = ( GEOMETRIC_REPRESENTATION_CONTEXT(2) 
PARAMETRIC_REPRESENTATION_CONTEXT() REPRESENTATION_CONTEXT('2D SPACE',''
  ) );
#1750 = PCURVE('',#1751,#1756);
#1751 = PLANE('',#1752);
#1752 = AXIS2_PLACEMENT_3D('',#1753,#1754,#1755);
#1753 = CARTESIAN_POINT('',(0.,5.525,8.15));
#1754 = DIRECTION('',(0.,0.,1.));
#1755 = DIRECTION('',(1.,0.,-0.));
#1756 = DEFINITIONAL_REPRESENTATION('',(#1757),#1761);
#1757 = LINE('',#1758,#1759);
#1758 = CARTESIAN_POINT('',(-2.85,-1.35));
#1759 = VECTOR('',#1760,1.);
#1760 = DIRECTION('',(1.,0.));
#1761 = ( GEOMETRIC_REPRESENTATION_CONTEXT(2) 
PARAMETRIC_REPRESENTATION_CONTEXT() REPRESENTATION_CONTEXT('2D SPACE',''
  ) );
#1762 = FACE_BOUND('',#1763,.T.);
#1763 = EDGE_LOOP('',(#1764));
#1764 = ORIENTED_EDGE('',*,*,#1607,.T.);
#1765 = ADVANCED_FACE('',(#1766),#1567,.T.);
#1766 = FACE_BOUND('',#1767,.T.);
#1767 = EDGE_LOOP('',(#1768,#1769,#1770,#1793));
#1768 = ORIENTED_EDGE('',*,*,#1714,.T.);
#1769 = ORIENTED_EDGE('',*,*,#1553,.T.);
#1770 = ORIENTED_EDGE('',*,*,#1771,.F.);
#1771 = EDGE_CURVE('',#1772,#1526,#1774,.T.);
#1772 = VERTEX_POINT('',#1773);
#1773 = CARTESIAN_POINT('',(2.85,6.875,8.15));
#1774 = SURFACE_CURVE('',#1775,(#1779,#1786),.PCURVE_S1.);
#1775 = LINE('',#1776,#1777);
#1776 = CARTESIAN_POINT('',(2.85,6.875,8.15));
#1777 = VECTOR('',#1778,1.);
#1778 = DIRECTION('',(0.,0.,1.));
#1779 = PCURVE('',#1567,#1780);
#1780 = DEFINITIONAL_REPRESENTATION('',(#1781),#1785);
#1781 = LINE('',#1782,#1783);
#1782 = CARTESIAN_POINT('',(2.7,0.));
#1783 = VECTOR('',#1784,1.);
#1784 = DIRECTION('',(0.,-1.));
#1785 = ( GEOMETRIC_REPRESENTATION_CONTEXT(2) 
PARAMETRIC_REPRESENTATION_CONTEXT() REPRESENTATION_CONTEXT('2D SPACE',''
  ) );
#1786 = PCURVE('',#1541,#1787);
#1787 = DEFINITIONAL_REPRESENTATION('',(#1788),#1792);
#1788 = LINE('',#1789,#1790);
#1789 = CARTESIAN_POINT('',(0.,-0.));
#1790 = VECTOR('',#1791,1.);
#1791 = DIRECTION('',(0.,-1.));
#1792 = ( GEOMETRIC_REPRESENTATION_CONTEXT(2) 
PARAMETRIC_REPRESENTATION_CONTEXT() REPRESENTATION_CONTEXT('2D SPACE',''
  ) );
#1793 = ORIENTED_EDGE('',*,*,#1794,.F.);
#1794 = EDGE_CURVE('',#1715,#1772,#1795,.T.);
#1795 = SURFACE_CURVE('',#1796,(#1800,#1807),.PCURVE_S1.);
#1796 = LINE('',#1797,#1798);
#1797 = CARTESIAN_POINT('',(2.85,4.175,8.15));
#1798 = VECTOR('',#1799,1.);
#1799 = DIRECTION('',(0.,1.,0.));
#1800 = PCURVE('',#1567,#1801);
#1801 = DEFINITIONAL_REPRESENTATION('',(#1802),#1806);
#1802 = LINE('',#1803,#1804);
#1803 = CARTESIAN_POINT('',(0.,0.));
#1804 = VECTOR('',#1805,1.);
#1805 = DIRECTION('',(1.,0.));
#1806 = ( GEOMETRIC_REPRESENTATION_CONTEXT(2) 
PARAMETRIC_REPRESENTATION_CONTEXT() REPRESENTATION_CONTEXT('2D SPACE',''
  ) );
#1807 = PCURVE('',#1751,#1808);
#1808 = DEFINITIONAL_REPRESENTATION('',(#1809),#1813);
#1809 = LINE('',#1810,#1811);
#1810 = CARTESIAN_POINT('',(2.85,-1.35));
#1811 = VECTOR('',#1812,1.);
#1812 = DIRECTION('',(0.,1.));
#1813 = ( GEOMETRIC_REPRESENTATION_CONTEXT(2) 
PARAMETRIC_REPRESENTATION_CONTEXT() REPRESENTATION_CONTEXT('2D SPACE',''
  ) );
#1814 = ADVANCED_FACE('',(#1815,#1863),#1541,.T.);
#1815 = FACE_BOUND('',#1816,.T.);
#1816 = EDGE_LOOP('',(#1817,#1818,#1819,#1842));
#1817 = ORIENTED_EDGE('',*,*,#1771,.T.);
#1818 = ORIENTED_EDGE('',*,*,#1525,.T.);
#1819 = ORIENTED_EDGE('',*,*,#1820,.F.);
#1820 = EDGE_CURVE('',#1821,#1498,#1823,.T.);
#1821 = VERTEX_POINT('',#1822);
#1822 = CARTESIAN_POINT('',(-2.85,6.875,8.15));
#1823 = SURFACE_CURVE('',#1824,(#1828,#1835),.PCURVE_S1.);
#1824 = LINE('',#1825,#1826);
#1825 = CARTESIAN_POINT('',(-2.85,6.875,8.15));
#1826 = VECTOR('',#1827,1.);
#1827 = DIRECTION('',(0.,0.,1.));
#1828 = PCURVE('',#1541,#1829);
#1829 = DEFINITIONAL_REPRESENTATION('',(#1830),#1834);
#1830 = LINE('',#1831,#1832);
#1831 = CARTESIAN_POINT('',(5.7,0.));
#1832 = VECTOR('',#1833,1.);
#1833 = DIRECTION('',(0.,-1.));
#1834 = ( GEOMETRIC_REPRESENTATION_CONTEXT(2) 
PARAMETRIC_REPRESENTATION_CONTEXT() REPRESENTATION_CONTEXT('2D SPACE',''
  ) );
#1835 = PCURVE('',#1513,#1836);
#1836 = DEFINITIONAL_REPRESENTATION('',(#1837),#1841);
#1837 = LINE('',#1838,#1839);
#1838 = CARTESIAN_POINT('',(0.,0.));
#1839 = VECTOR('',#1840,1.);
#1840 = DIRECTION('',(0.,-1.));
#1841 = ( GEOMETRIC_REPRESENTATION_CONTEXT(2) 
PARAMETRIC_REPRESENTATION_CONTEXT() REPRESENTATION_CONTEXT('2D SPACE',''
  ) );
#1842 = ORIENTED_EDGE('',*,*,#1843,.F.);
#1843 = EDGE_CURVE('',#1772,#1821,#1844,.T.);
#1844 = SURFACE_CURVE('',#1845,(#1849,#1856),.PCURVE_S1.);
#1845 = LINE('',#1846,#1847);
#1846 = CARTESIAN_POINT('',(2.85,6.875,8.15));
#1847 = VECTOR('',#1848,1.);
#1848 = DIRECTION('',(-1.,0.,0.));
#1849 = PCURVE('',#1541,#1850);
#1850 = DEFINITIONAL_REPRESENTATION('',(#1851),#1855);
#1851 = LINE('',#1852,#1853);
#1852 = CARTESIAN_POINT('',(0.,-0.));
#1853 = VECTOR('',#1854,1.);
#1854 = DIRECTION('',(1.,0.));
#1855 = ( GEOMETRIC_REPRESENTATION_CONTEXT(2) 
PARAMETRIC_REPRESENTATION_CONTEXT() REPRESENTATION_CONTEXT('2D SPACE',''
  ) );
#1856 = PCURVE('',#1751,#1857);
#1857 = DEFINITIONAL_REPRESENTATION('',(#1858),#1862);
#1858 = LINE('',#1859,#1860);
#1859 = CARTESIAN_POINT('',(2.85,1.35));
#1860 = VECTOR('',#1861,1.);
#1861 = DIRECTION('',(-1.,0.));
#1862 = ( GEOMETRIC_REPRESENTATION_CONTEXT(2) 
PARAMETRIC_REPRESENTATION_CONTEXT() REPRESENTATION_CONTEXT('2D SPACE',''
  ) );
#1863 = FACE_BOUND('',#1864,.T.);
#1864 = EDGE_LOOP('',(#1865));
#1865 = ORIENTED_EDGE('',*,*,#1640,.F.);
#1866 = ADVANCED_FACE('',(#1867),#1513,.T.);
#1867 = FACE_BOUND('',#1868,.T.);
#1868 = EDGE_LOOP('',(#1869,#1870,#1871,#1872));
#1869 = ORIENTED_EDGE('',*,*,#1820,.T.);
#1870 = ORIENTED_EDGE('',*,*,#1497,.T.);
#1871 = ORIENTED_EDGE('',*,*,#1690,.F.);
#1872 = ORIENTED_EDGE('',*,*,#1873,.F.);
#1873 = EDGE_CURVE('',#1821,#1691,#1874,.T.);
#1874 = SURFACE_CURVE('',#1875,(#1879,#1886),.PCURVE_S1.);
#1875 = LINE('',#1876,#1877);
#1876 = CARTESIAN_POINT('',(-2.85,6.875,8.15));
#1877 = VECTOR('',#1878,1.);
#1878 = DIRECTION('',(0.,-1.,0.));
#1879 = PCURVE('',#1513,#1880);
#1880 = DEFINITIONAL_REPRESENTATION('',(#1881),#1885);
#1881 = LINE('',#1882,#1883);
#1882 = CARTESIAN_POINT('',(0.,0.));
#1883 = VECTOR('',#1884,1.);
#1884 = DIRECTION('',(1.,0.));
#1885 = ( GEOMETRIC_REPRESENTATION_CONTEXT(2) 
PARAMETRIC_REPRESENTATION_CONTEXT() REPRESENTATION_CONTEXT('2D SPACE',''
  ) );
#1886 = PCURVE('',#1751,#1887);
#1887 = DEFINITIONAL_REPRESENTATION('',(#1888),#1892);
#1888 = LINE('',#1889,#1890);
#1889 = CARTESIAN_POINT('',(-2.85,1.35));
#1890 = VECTOR('',#1891,1.);
#1891 = DIRECTION('',(0.,-1.));
#1892 = ( GEOMETRIC_REPRESENTATION_CONTEXT(2) 
PARAMETRIC_REPRESENTATION_CONTEXT() REPRESENTATION_CONTEXT('2D SPACE',''
  ) );
#1893 = ADVANCED_FACE('',(#1894),#1751,.T.);
#1894 = FACE_BOUND('',#1895,.T.);
#1895 = EDGE_LOOP('',(#1896,#1897,#1898,#1899));
#1896 = ORIENTED_EDGE('',*,*,#1737,.T.);
#1897 = ORIENTED_EDGE('',*,*,#1794,.T.);
#1898 = ORIENTED_EDGE('',*,*,#1843,.T.);
#1899 = ORIENTED_EDGE('',*,*,#1873,.T.);
#1900 = ( GEOMETRIC_REPRESENTATION_CONTEXT(3) 
GLOBAL_UNCERTAINTY_ASSIGNED_CONTEXT((#1904)) 
GLOBAL_UNIT_ASSIGNED_CONTEXT((#1901,#1902,#1903)) REPRESENTATION_CONTEXT
('Context #1','3D Context with UNIT and UNCERTAINTY') );
#1901 = ( LENGTH_UNIT() NAMED_UNIT(*) SI_UNIT(.MILLI.,.METRE.) );
#1902 = ( NAMED_UNIT(*) PLANE_ANGLE_UNIT() SI_UNIT($,.RADIAN.) );
#1903 = ( NAMED_UNIT(*) SI_UNIT($,.STERADIAN.) SOLID_ANGLE_UNIT() );
#1904 = UNCERTAINTY_MEASURE_WITH_UNIT(LENGTH_MEASURE(1.E-07),#1901,
  'distance_accuracy_value','confusion accuracy');
#1905 = PRODUCT_RELATED_PRODUCT_CATEGORY('part',$,(#7));
ENDSEC;
END-ISO-10303-21;
